,1,2,3,4,5,6,7,8,9,10,11,12,13,14,15,16,17,18,19,20,21,22,23,24,25,26,27,28,29,30,31,32,33,34,35,36,37,38,39,40,41,42,43,44,45,46,47,48,49,50,51,52,53,54,55,56,57,58,59,60,61,62,63
0,7,10.0,0,2.8,7,10,7,0,10,10.0,10.0,0.7022471910112359,7,10,10,2.0,5.727272727272727,7.0,0.42419849787799435,5.0,20,15,0,14.600000000000001,7,7,0,50.0,0.0,7,7,0,0.0,9.99,0.0,0,10.0,0.0,0.0,10,10,7,0,0,0,0,0,0.0,12.307692307692308,12.105263157894736,10,20,30.0,0.0,10,10,0,0,0,0,7,40,0.0
1,0,10.0,7,7.0,7,10,7,10,10,3.552206673842842,2.099031216361679,10.0,7,10,0,0.8064516129032258,5.6,7.0,0.0,6.085106382978723,20,20,0,14.0,7,7,7,50.0,24.424733098271435,7,7,0,4.873225,9.99,0.0,0,0.2777777777777778,19.0,3.0,10,10,7,0,0,7,0,0,25.0,15.365329512893982,19.932019034670294,10,20,30.0,27.0,10,30,15,25,0,20,7,30,52.0
2,7,10.0,7,7.0,7,10,7,10,10,1.4757219930180892,3.1894636623294192,10.0,7,10,0,2.9012345679012346,7.0,7.0,0.0,8.0,20,20,0,11.26,7,7,7,18.659751129952422,33.17353217241387,7,7,7,7.0,9.99,7.89006838096603,0,2.859154929577465,18.074,11.026,10,10,7,7,7,7,7,7,0.0,14.214818428939846,20.0,10,20,30.0,30.0,10,30,15,25,15,0,7,40,27.56
3,7,10.0,7,7.0,7,10,7,10,10,3.3460522453771646,10.0,10.0,7,10,0,1.507936507936508,7.0,7.0,0.0,5.837396351575456,20,25,0,12.72,7,7,7,50.0,15.018558365864315,7,7,7,7.0,9.99,8.25,0,0.08771929824561403,16.0,3.54,10,0,7,7,7,7,0,7,0.0,13.23578330429273,19.361982021486515,10,20,30.0,30.0,10,30,15,25,15,0,7,40,40.531400000000005
4,7,10.0,7,7.0,7,10,7,10,10,2.1505376344086025,9.086021505376344,3.737373737373737,7,10,0,4.545454545454545,7.0,1.75,0.0,3.653543307086614,20,20,0,12.4,7,7,7,50.0,15.01483596630839,0,0,0,7.0,9.99,8.25,0,0.0,4.699999999999999,2.64,10,10,7,7,0,7,0,0,5.192001233742804,17.18980500985905,19.436858644567423,10,20,30.0,24.0,10,30,15,25,0,0,7,40,28.6
5,7,10.0,7,7.0,7,10,7,10,10,1.1329017517136328,2.7322924600152323,3.5238993013197293,7,10,10,4.461538461538462,7.0,7.0,0.0,6.911022199748711,20,25,15,12.85,7,7,7,16.6,17.259976221392897,7,7,7,6.968106345405277,9.99,11.699973231494038,7,8.769633507853403,12.6,5.8,10,10,7,7,7,7,7,7,25.0,13.001706553279513,18.75952631153504,10,20,27.92482767486053,30.0,10,30,15,25,15,20,7,40,28.6
6,0,0.0,0,0.0,7,10,7,0,0,0.0,0.0,2.631578947368421,7,0,0,4.166666666666668,7.0,5.25,0.0,8.0,20,25,0,11.4,7,7,0,0.0,27.165845199837904,0,0,0,0.0,0.0,0.0,0,9.0,16.0,2.8000000000000003,0,10,0,7,0,0,7,7,,12.25563909774436,0.0,0,20,,0.0,0,10,0,25,0,0,0,10,29.9
7,7,10.0,7,6.300000000000001,7,10,7,10,0,6.80379746835443,5.379746835443038,10.0,7,10,10,2.608695652173913,7.0,7.0,0.0,0.0,20,15,0,11.66,7,7,7,46.57054269647802,15.531018431451537,7,7,0,7.0,9.99,13.362535930498861,7,2.4657534246575343,14.399999999999999,1.6,0,10,7,7,7,7,0,7,25.0,12.3532614530452,0.0,10,20,0.0,24.0,10,30,0,25,0,0,7,40,30.7268
8,7,10.0,7,7.0,7,0,7,10,10,0.7350539039529567,4.606337798105194,10.0,7,10,0,4.0,7.0,7.0,0.0,5.296755648766423,20,10,0,12.0,7,0,7,50.0,15.000000178890657,7,7,0,6.58853912792631,3.33,2.7068377231893836,0,1.0365853658536586,0.0,0.0,10,10,7,7,7,7,0,0,0.0,16.410047840448065,15.294463633899792,10,20,0.0,30.0,10,30,15,25,0,0,7,40,13.0
9,7,7.5,7,7.0,7,10,7,10,0,4.2695130086724475,3.135423615743829,0.0,7,10,0,2.2988505747126435,5.409090909090909,7.0,0.3945181834298662,0.22945494194069582,20,0,0,12.38,7,0,0,16.6,15.237150815810717,7,7,0,0.0,3.33,5.822662999357816,0,0.7909604519774012,10.4,3.9000000000000004,0,0,7,0,0,0,0,7,0.0,11.656475502590604,18.46193664547347,5,20,0.0,0.0,10,30,15,25,0,0,7,40,0.0
10,7,10.0,7,7.0,7,10,7,10,10,0.1855287569573284,3.7569573283859006,10.0,0,10,0,1.606217616580311,7.0,5.25,0.0,3.125582448166454,20,0,0,11.6,7,0,0,16.6,0.0,7,7,7,0.0,3.33,0.0,0,3.4782608695652173,10.4,3.8,0,10,7,0,0,0,0,7,25.0,12.407479117110139,18.0,10,20,0.0,21.0,10,10,0,25,0,0,7,40,27.976
11,7,7.5,7,4.9,7,10,0,10,0,2.099236641221374,4.007633587786259,1.935483870967742,7,10,10,2.5555555555555554,7.0,7.0,1.0595666644026354,0.0,20,5,0,14.46,7,0,0,43.42718812167519,0.0,7,7,0,6.888757526600863,0.0,8.25,0,0.0,19.9,7.199999999999999,10,10,0,7,0,0,0,7,2.0757767775203946,11.833846153846153,0.0,5,20,30.0,13.5,10,30,15,25,0,0,7,40,28.6
12,7,10.0,7,7.0,7,0,7,10,10,0.5462724935732648,0.8354755784061696,10.0,7,10,0,1.3768115942028984,7.0,7.0,0.0,0.0,20,25,0,,7,7,7,16.6,30.904881474759783,7,7,7,0.0,3.33,5.883961052856837,0,6.8181818181818175,9.200000000000001,1.4000000000000001,0,10,7,7,0,7,0,7,25.0,15.004699893328263,18.93537095534876,10,20,0.0,0.0,10,30,15,25,0,0,7,40,34.19
13,7,10.0,7,5.6000000000000005,7,10,7,0,10,1.101141924959217,1.794453507340946,10.0,7,10,0,1.8571428571428572,4.375,0.0,0.0,0.5711131503183732,20,30,15,13.686,7,7,7,0.0,15.00062826594692,0,0,7,7.0,9.99,10.024719101123594,0,12.285714285714285,17.0,5.6000000000000005,10,10,7,0,0,7,0,7,0.0,17.283593461671252,18.970326288290877,10,20,30.0,24.0,10,20,15,25,15,0,7,40,28.548000000000002
14,7,10.0,7,7.0,7,10,7,10,0,0.5766621438263229,2.9511533242876533,7.623626373626374,7,10,0,1.5608919382504287,7.0,7.0,0.0,7.734903487836537,20,20,0,21.4,0,7,7,16.6,15.361353479463716,7,7,0,0.0,3.33,1.5,7,7.368421052631579,9.6,1.2,10,10,7,0,0,7,7,7,3.4676208145596146,12.869299501025026,16.514285714285712,10,20,30.0,24.0,10,30,15,25,0,0,7,40,44.251999999999995
15,0,10.0,7,7.0,7,10,7,10,10,0.8566275924256086,1.1722272317403066,9.315448658649398,7,10,10,1.6088765603328712,5.219298245614035,7.0,0.0,3.0512066659453803,20,0,0,14.4,7,7,7,18.186311636823927,0.0,7,7,0,0.0,9.99,4.441083551098242,0,0.375,19.2,10.4,10,10,7,0,0,7,7,7,15.358678725015354,13.919949838018601,0.0,10,20,30.0,24.0,10,30,0,25,15,0,7,30,28.08
16,7,10.0,7,7.0,7,10,7,10,0,0.9420289855072463,2.536231884057971,0.0,7,10,0,0.8994708994708994,6.78125,5.25,0.0,2.532981812828714,20,20,0,17.0,7,7,7,22.523962471804552,15.50474819956503,7,7,0,0.0,9.99,13.613761467378115,0,1.55,18.400000000000002,4.6000000000000005,10,10,7,0,0,7,0,7,0.0,15.682364461853467,17.994646442114657,10,20,30.0,24.0,10,30,15,25,0,0,7,40,0.0
17,7,10.0,7,5.6000000000000005,7,10,7,10,0,0.35335689045936397,4.41696113074205,0.8058017727639,0,0,0,1.2987012987012987,4.858208955223881,7.0,0.890517088660607,0.891045463546615,20,0,0,18.12,7,7,7,35.766489375079445,15.160684675842274,7,7,0,0.0,9.99,1.5,7,0.5555555555555556,15.0,12.0,10,10,7,7,7,0,7,7,25.0,12.324766760309368,19.375,10,20,30.0,24.0,10,30,0,0,15,0,7,40,0.0
18,0,0.0,0,0.0,0,0,0,0,0,0.0,0.0,0.0,0,0,0,0.0,0.0,0.0,0.0,0.0,0,0,0,,0,0,0,0.0,0.0,0,0,0,0.0,0.0,0.0,0,0.0,0.0,0.0,0,0,0,0,0,0,0,0,,0.0,0.0,0,0,,0.0,0,0,0,0,0,0,0,0,0.0
19,0,0.0,0,0.0,0,0,0,0,0,0.0,0.0,0.0,0,0,0,0.0,0.0,0.0,0.0,0.0,0,0,0,,0,0,0,0.0,0.0,0,0,0,0.0,0.0,0.0,0,0.0,0.0,0.0,0,0,0,0,0,0,0,0,,0.0,0.0,0,0,,0.0,0,0,0,0,0,0,0,0,0.0
20,0,0.0,0,0.0,7,10,7,0,0,0.0,0.0,10.0,0,0,0,0.8416833667334669,6.5625,5.25,0.0,0.0,20,0,0,,0,7,7,0.0,0.0,0,0,0,7.0,3.33,0.0,0,0.0,17.0,17.0,0,10,7,0,0,0,0,7,,13.663366336633663,0.0,0,20,,0.0,0,30,15,25,0,0,0,10,0.0
21,7,10.0,7,7.0,7,10,7,10,10,3.412698412698413,9.920634920634921,10.0,7,10,10,3.225806451612903,7.0,7.0,0.0,0.0,20,5,0,16.0,7,7,0,16.6,0.0,7,7,7,7.0,9.99,4.627124834901559,7,14.172185430463575,6.4,5.4,0,10,7,7,7,7,7,7,0.0,15.766048452126356,19.98258823807326,10,20,0.0,24.0,10,30,0,25,0,20,7,40,0.0
22,0,10.0,7,6.300000000000001,7,10,7,0,10,0.029859659599880562,2.627650044789489,0.0,7,0,0,1.5102639296187683,6.517241379310345,7.0,0.0,9.57829500903044,20,15,0,21.0,7,7,7,16.6,15.421617947603503,7,7,0,6.32511440183449,6.66,5.366374722912249,7,7.666666666666667,3.0,3.7780000000000005,10,10,7,0,0,7,7,7,25.0,15.149134629929584,16.666666666666664,5,20,0.0,27.0,10,30,15,25,0,0,7,30,28.6
23,7,10.0,7,7.0,7,10,7,10,10,1.976685250886974,10.0,10.0,7,10,10,0.6884875846501128,7.0,7.0,0.0,8.0,20,15,0,12.6,7,7,7,50.0,15.295055054091923,7,7,7,0.0,9.99,5.518543981567506,7,11.72961373390558,8.2,4.2,0,10,7,7,7,7,7,7,0.0,13.811542509647996,19.90203761755486,10,20,30.0,30.0,10,30,15,25,0,0,7,40,32.266
24,7,7.5,7,7.0,7,10,7,10,0,1.9230769230769231,7.6730769230769225,10.0,7,10,0,3.8333333333333335,7.0,7.0,0.0,8.0,20,0,0,13.4,0,7,7,29.719823160898912,16.18730726310611,7,7,7,0.0,9.99,7.233035876064505,7,10.82608695652174,11.459999999999999,4.8,0,10,7,0,7,7,7,7,0.0,15.48395319682407,16.96927374301676,10,20,30.0,30.0,10,30,15,25,0,0,7,40,27.6796
25,7,10.0,7,4.9,7,10,7,10,10,0.4424778761061947,4.9304677623261695,10.0,7,10,0,1.201716738197425,6.637931034482759,7.0,0.0,0.0,0,5,0,12.04,0,7,7,43.03656127278006,15.004913050818843,7,7,0,0.0,9.99,0.0,0,0.0,13.799999999999999,4.6000000000000005,10,10,7,0,0,7,0,0,0.0,14.643003780209824,0.0,10,20,30.0,27.0,10,10,15,25,0,0,7,40,27.82
26,7,10.0,7,7.0,7,10,7,10,0,3.5398230088495577,4.572271386430678,1.756198347107438,0,10,0,0.6967213114754098,5.548780487804878,5.25,0.0,6.578201735759476,20,25,0,14.8,7,7,7,16.6,17.12234693557329,7,7,0,7.0,9.99,0.0,0,3.8461538461538463,20.0,6.0,0,10,7,0,0,7,7,7,25.0,14.65986394557823,20.0,10,20,0.0,16.5,10,30,15,25,15,20,7,40,33.8156
27,0,10.0,7,7.0,7,10,7,10,10,0.21666666666666665,0.4333333333333333,5.590932246561387,7,10,0,1.0818307905686546,7.0,7.0,0.0,6.931680773881499,20,15,0,19.4,7,7,7,16.6,29.21820902909532,7,7,7,6.831978235681104,3.33,3.5888107480424107,7,5.555555555555555,19.0,2.8000000000000003,10,10,7,7,7,7,0,7,0.0,12.762839357736743,13.636363636363637,10,20,0.0,24.0,10,30,15,25,0,0,7,40,26.1586
28,7,10.0,7,7.0,7,10,7,10,10,0.8843296781039971,4.244782454899186,3.7714712471994023,7,10,10,0.6134969325153374,6.774193548387096,5.25,0.0,5.4032786885245905,20,20,0,17.490000000000002,7,7,7,50.0,15.0050685093514,7,7,0,4.570986645625466,9.99,3.452066637236119,0,0.46153846153846156,19.206,8.591999999999999,0,10,7,7,7,7,7,7,0.0,12.987827369974179,18.86353739880846,10,20,30.0,27.0,10,30,15,25,0,0,7,40,0.0
29,7,10.0,7,7.0,7,10,7,10,10,2.1805896805896805,2.5798525798525795,10.0,7,10,0,1.9631901840490797,7.0,7.0,5.0,5.0,20,15,0,19.305999999999997,7,7,7,50.0,20.169652239159362,7,7,7,6.9190456441923045,9.99,6.688293193664945,0,4.857142857142857,9.6,4.2,10,10,7,0,0,7,7,7,0.0,14.578286403439778,10.371477756636768,10,20,30.0,30.0,10,30,15,25,0,0,7,40,26.039
30,7,7.5,7,7.0,7,10,7,10,0,0.0,0.0,0.0,7,0,0,4.540816326530612,7.0,5.25,6.211577852196248,0.0,20,10,0,13.2,7,7,7,50.0,0.0,7,7,0,0.0,0.0,1.5,0,7.863636363636364,19.0,2.8000000000000003,10,10,7,0,0,7,7,7,0.0,15.405949743504687,0.0,10,20,30.0,10.5,10,30,0,25,15,0,7,40,28.5428
31,7,10.0,7,7.0,7,10,7,10,0,6.454720616570329,3.7572254335260116,10.0,7,10,10,3.4000000000000004,7.0,5.25,0.0,3.8376812157865565,20,25,0,,7,7,7,16.6,15.464697288812681,7,7,0,0.0,9.99,15.0,0,1.0144927536231885,15.0,1.6,10,10,7,0,0,0,0,7,25.0,12.706766917293233,15.0,10,20,0.0,30.0,10,30,15,25,15,20,7,40,48.1
32,7,7.5,7,4.2,7,0,7,10,10,0.08291873963515756,2.542841348811498,0.09250693802035154,7,10,10,0.641025641025641,5.833333333333333,7.0,0.0,7.380259833593682,20,10,15,13.0,7,7,7,16.6,16.131541537929387,7,0,0,0.0,9.99,1.5,0,5.139303482587065,4.0,0.6,10,0,7,0,0,7,0,7,0.0,12.72219518586456,20.0,10,20,30.0,27.0,10,30,15,25,0,0,7,40,26.78
33,7,10.0,7,7.0,7,10,7,10,10,3.1914893617021276,7.5177304964539005,10.0,7,10,0,2.8901734104046244,7.0,7.0,0.0,5.910876939925742,20,20,15,14.0,7,7,7,16.6,21.925711202348396,7,7,0,7.0,9.99,15.0,7,0.3823529411764706,19.040000000000003,3.936,10,10,7,7,7,7,0,7,25.0,14.173957797220792,17.324347093513058,5,20,30.0,24.0,10,30,15,25,0,0,7,40,65.0
34,7,10.0,7,7.0,7,10,7,10,0,0.8880308880308879,2.2393822393822393,10.0,0,10,0,1.3993174061433447,6.125,7.0,0.04724446649186215,0.17246050767835028,20,20,0,13.918,7,7,0,25.942729319270384,16.14088545307447,7,7,0,7.0,9.99,11.406542038962941,7,0.6666666666666667,20.0,3.4000000000000004,10,10,7,7,7,7,7,7,25.0,13.792940513296639,17.861842639676375,10,20,30.0,30.0,10,30,15,25,0,0,7,40,62.29600000000001
35,7,10.0,7,6.300000000000001,7,10,7,10,10,0.2198492462311558,2.1670854271356785,5.217391304347826,7,10,0,0.32,7.0,5.25,0.054092033641117906,0.0,20,25,0,11.6,7,7,7,0.0,0.0,0,0,0,7.0,0.0,6.890153508093219,0,13.095238095238095,12.0,10.2,10,10,7,7,0,7,0,7,25.0,12.42913818651116,0.0,0,20,0.0,0.0,10,30,0,25,0,0,7,40,27.3
36,7,10.0,7,6.300000000000001,7,10,7,10,10,6.097560975609756,10.0,10.0,7,10,10,7.647058823529411,7.0,7.0,0.0,0.0,20,20,0,16.0,7,7,7,26.575980983908504,22.903179556380195,7,7,0,4.5555624601904645,9.99,14.518551504585766,0,4.444444444444445,17.0,12.0,10,10,7,7,7,7,0,7,0.0,16.470588235294116,13.333333333333332,10,20,30.0,27.0,10,30,15,25,15,20,7,40,65.0
37,7,10.0,7,7.0,7,10,7,10,10,2.1739130434782608,2.1739130434782608,10.0,7,10,0,1.3812154696132597,6.300000000000001,5.25,0.0,0.0,20,15,15,14.4,7,7,7,50.0,17.07184293913849,7,7,0,7.0,9.99,1.5,0,2.0,14.6,6.128,10,10,7,0,0,7,0,0,25.0,15.11390416339356,0.0,10,20,30.0,24.0,10,30,15,25,0,20,7,40,28.9406
38,7,10.0,7,7.0,7,10,7,10,0,1.7314189189189189,9.33277027027027,10.0,7,10,10,5.255712731229597,7.0,7.0,0.12001612227243781,7.214406713206374,20,20,0,14.3,7,7,7,41.33207740971589,15.285954511209702,7,7,7,6.144368121222951,9.99,8.298169014084507,0,0.5294117647058824,13.072,6.0,10,10,7,7,7,7,7,7,25.0,18.33756381370676,17.93811010027226,10,20,30.0,30.0,10,30,15,25,15,20,7,40,45.214
39,7,10.0,7,7.0,7,10,7,10,10,0.8239831697054698,1.8846423562412347,10.0,7,10,0,1.972668810289389,7.0,7.0,0.0,0.25676576915036287,20,0,15,20.97,7,7,7,16.6,16.716758040027187,7,7,0,4.549965067711284,9.99,9.367613125027995,0,5.957446808510638,18.97,17.524,10,10,7,7,7,7,7,7,0.0,11.450866001332976,18.466118762587406,10,20,,30.0,0,30,15,25,15,0,7,40,0.0
40,7,7.5,7,3.5,7,10,7,10,0,0.14285714285714285,5.357142857142857,0.0,7,10,0,0.0,0.0,5.25,0.0,0.45166666666666677,20,0,0,11.6,0,7,7,42.846674285714286,0.0,7,7,0,0.0,3.33,1.5,0,10.0,19.8,3.0,10,10,7,0,7,0,7,7,25.0,12.895377128953772,19.39235601479481,10,20,0.0,10.5,10,30,0,25,0,0,7,40,0.0
41,7,10.0,7,7.0,7,10,7,10,0,2.001862197392924,3.7243947858473,10.0,7,10,0,2.77027027027027,7.0,7.0,0.0,8.302796285315416,20,15,15,15.4,7,7,7,16.6,15.12994600265605,7,7,7,6.1712505918720435,9.99,5.702230583763622,0,0.27712609970674484,17.86,8.6,10,10,7,7,7,7,7,7,16.535964713703226,17.219294355281356,14.31913026346426,10,20,30.0,27.0,10,30,15,25,0,0,7,40,31.98
42,0,10.0,7,4.9,7,10,7,0,0,1.471825063078217,0.9671993271656856,0.27349577324714075,7,10,0,0.27726432532347506,4.666666666666666,7.0,0.0,0.0,20,20,0,13.56,7,0,0,26.709096413399863,15.034263070864968,7,7,7,7.0,9.99,2.404858202422748,0,0.5851063829787234,12.4,2.1,0,10,7,7,7,7,0,7,25.0,11.261378413524056,0.0,5,20,0.0,19.5,10,20,0,25,0,0,7,30,28.990000000000002
43,7,7.5,7,7.0,7,10,7,10,10,0.9777294948397609,4.3726235741444865,10.0,7,10,10,1.201716738197425,6.396551724137931,5.25,0.0,4.2494744218640506,20,5,15,17.0,7,7,7,50.0,15.013665747086431,7,7,7,7.0,9.99,7.153244640920844,0,0.0,19.997999999999998,3.66,10,10,0,7,0,7,7,7,0.0,13.661556042281688,18.888121108705924,10,20,30.0,27.0,10,20,15,25,0,0,7,40,26.91
44,7,10.0,7,7.0,7,10,7,10,10,1.8134715025906734,4.818652849740933,10.0,7,10,0,2.2119815668202767,7.0,7.0,0.5112333929989505,4.3555963900949894,20,25,0,12.08,7,7,7,16.6,32.75013426288841,7,7,0,7.0,9.99,11.647719385889008,0,0.9174311926605505,18.408,9.200000000000001,10,10,7,7,7,7,7,7,0.0,13.7620441082007,17.84584980237154,10,20,30.0,30.0,10,30,15,25,15,0,7,40,27.04
45,7,10.0,7,4.9,7,10,7,10,10,0.0,0.0,10.0,7,10,0,1.2345679012345678,5.154545454545454,7.0,0.296214023490573,0.0,20,20,0,13.8,0,7,0,50.0,0.0,7,7,0,0.0,3.33,1.5,0,6.285714285714286,19.0,2.6,10,10,7,7,7,0,7,7,,12.167619551207904,0.0,5,20,,24.0,0,30,0,0,0,0,7,40,0.0
46,7,10.0,7,7.0,7,10,7,10,10,2.0103761348897535,2.594033722438392,10.0,7,10,10,0.8902821316614422,7.0,7.0,0.005188495333110589,5.489443989773526,20,15,15,12.6,7,7,7,16.6,0.0,7,7,7,6.937933205056647,9.99,1.3239101479461248,0,0.9089595375722543,9.42,4.2,10,10,7,7,7,7,7,7,21.475614673509913,13.275441125149312,0.0,10,20,30.0,30.0,10,30,15,25,15,0,7,40,26.312
47,7,10.0,7,6.300000000000001,7,10,7,10,0,0.847457627118644,0.4547333608929309,10.0,7,10,0,0.9375,5.833333333333333,7.0,0.141005382975769,8.0,20,10,0,,7,7,7,16.6,0.0,7,7,7,7.0,9.99,0.0,0,12.727272727272727,19.336000000000002,4.6000000000000005,10,0,7,0,0,7,0,7,25.0,13.563017880505887,17.752015085835183,10,20,30.0,21.0,10,30,15,25,15,0,7,40,26.26
48,0,7.5,7,6.300000000000001,7,10,7,10,10,0.8588957055214724,2.638036809815951,10.0,7,10,0,3.1868131868131866,7.0,0.0,0.0,2.8408443158257435,20,10,0,17.6,7,0,0,50.0,19.318545311510427,7,7,0,7.0,9.99,15.0,0,0.2631578947368421,0.0,0.0,0,10,0,0,0,7,0,0,25.0,10.510166613117914,0.0,10,20,21.716542393228192,3.0,10,30,15,25,0,0,7,30,39.039
49,7,10.0,7,5.6000000000000005,7,10,7,10,10,0.7389162561576355,2.2660098522167487,10.0,7,10,0,1.0619469026548671,7.0,5.25,0.0,3.85162067917163,20,15,0,10.464,7,7,7,16.6,15.00318718178295,7,7,0,6.753237883863907,9.99,9.61105007669354,0,4.131455399061033,15.88,1.88,0,0,7,0,0,7,0,7,0.0,12.426170096451958,18.16360902255639,10,20,15.0,16.5,10,30,15,25,0,0,7,40,26.3718
50,7,10.0,7,7.0,7,10,7,10,10,1.0810810810810811,6.718146718146718,10.0,7,10,10,0.9127789046653144,7.0,7.0,0.10656238692759022,6.446647935539973,20,15,0,,7,7,7,49.389411889225556,0.0,7,7,7,7.0,9.99,5.534156927072654,0,5.390532544378699,14.2,10.8,10,10,7,7,7,7,7,7,25.0,13.870973697927393,19.64222410386678,10,20,30.0,30.0,10,30,15,25,0,0,7,40,26.26
51,7,10.0,7,5.6000000000000005,7,10,7,10,10,2.375296912114014,5.7007125890736345,3.2630522088353415,7,10,0,2.0,6.611111111111111,7.0,0.0,0.0,20,0,15,13.0,7,7,7,16.6,0.0,7,7,0,7.0,6.66,0.0,0,5.7142857142857135,18.0,1.0,0,10,7,0,0,0,0,7,25.0,16.596142785377822,18.898664472434966,10,20,0.0,30.0,10,30,15,25,0,0,7,40,29.9
52,0,0.0,0,0.0,0,0,0,0,0,0.0,0.0,0.0,0,0,0,0.0,0.0,0.0,0.0,0.0,0,0,0,,0,0,0,0.0,0.0,0,0,0,0.0,0.0,0.0,0,0.0,0.0,0.0,0,0,0,0,0,0,0,0,,0.0,0.0,0,0,,0.0,0,0,0,0,0,0,0,0,0.0
53,7,2.5,7,4.9,7,10,7,10,0,0.28116213683223995,1.593252108716026,6.317411402157164,7,10,0,0.2510460251046025,4.403225806451613,7.0,0.0,8.0,20,15,0,10.4,7,7,0,50.0,15.07138637924082,7,7,0,6.987616756297764,9.99,15.0,0,0.0,12.8,4.2,10,10,7,0,0,7,0,0,0.0,13.41991341991342,18.941482530741375,10,20,30.0,30.0,10,30,0,25,0,0,7,40,29.12
54,7,7.5,7,6.300000000000001,7,10,7,10,10,2.4816176470588234,10.0,10.0,7,10,0,2.1031746031746033,7.0,7.0,0.0,6.542581684449255,20,25,15,14.0,7,7,7,50.0,15.501624664511894,7,0,7,6.725123037675613,6.66,7.139338691143596,0,9.682539682539682,17.0,2.06,10,0,0,7,0,0,0,0,25.0,15.148322705849736,18.695652173913043,10,20,30.0,30.0,10,30,15,25,0,0,7,40,0.0
55,7,10.0,7,7.0,7,10,7,10,10,2.086765513454146,2.8555738605161993,5.90341057016402,7,10,10,3.434343434343434,7.0,7.0,0.0,7.987708402509243,20,20,15,11.934,7,7,7,48.39756273512255,17.948094573552947,7,7,0,5.307608721547647,9.99,6.069840012252681,7,4.916666666666666,17.02,14.16,10,10,7,7,7,7,0,7,25.0,13.274555477091392,18.96103896103896,10,20,24.13460716581735,30.0,10,30,15,25,0,0,7,40,30.1704
56,7,10.0,7,6.300000000000001,7,10,7,10,0,0.06811989100817438,1.4986376021798364,1.800327332242226,0,10,0,1.205211726384365,6.0,5.25,0.3085089092674683,5.0,20,5,0,13.0,7,0,0,0.0,0.0,0,0,0,0.0,0.0,0.0,0,8.235294117647058,14.0,0.0,0,0,7,7,7,0,0,7,0.0,0.0,0.0,0,0,,0.0,0,30,0,25,0,0,7,40,27.04
57,0,7.5,7,4.2,7,10,7,10,0,0.06818181818181819,0.4772727272727273,3.6541889483065955,7,0,0,0.2777777777777778,4.0600000000000005,0.0,8.0,8.0,20,15,0,12.6,7,0,0,23.174950006893706,19.500022430577364,7,7,0,0.0,3.33,1.5,0,0.3787878787878788,0.0,3.8,10,10,7,7,7,7,0,7,0.0,18.719158200290273,19.255462275320202,5,20,30.0,24.0,10,10,15,25,0,0,7,40,39.1768
58,7,10.0,7,7.0,7,10,7,10,10,7.79816513761468,10.0,10.0,7,10,0,5.957446808510638,7.0,5.25,0.0,0.0,20,15,0,15.432,7,7,7,16.6,15.337075739421772,7,7,0,5.029007956139259,9.99,7.068690934546727,0,2.6666666666666665,18.808,9.382,10,10,7,7,0,7,0,7,0.0,14.989526602429828,0.0,10,20,0.0,27.0,10,30,15,25,15,20,7,40,43.459
59,0,10.0,7,5.6000000000000005,7,10,7,10,10,1.2195121951219512,1.4634146341463417,1.6304347826086958,7,10,0,0.0,0.0,0.0,0.03811894273684903,0.0,20,25,0,18.4,7,7,7,50.0,0.0,7,7,0,7.0,9.99,11.827466608036058,0,13.02325581395349,11.079999999999998,0.0,10,0,0,0,0,0,7,0,25.0,15.641126494650724,0.0,10,20,30.0,24.0,10,30,15,25,0,0,7,30,26.3406
60,7,10.0,7,7.0,7,10,7,10,10,2.572463768115942,0.9782608695652175,4.70873786407767,7,10,0,1.6528925619834711,7.0,7.0,0.0,6.76923076923077,20,15,0,15.2,7,7,7,50.0,15.009439592036022,7,7,0,0.0,3.33,1.5,0,0.2777777777777778,2.6,1.6800000000000002,10,10,7,7,7,7,0,7,0.0,15.081632653061224,12.482929857231532,10,20,26.806043433719825,22.5,10,30,15,25,15,0,7,40,27.780428
61,7,10.0,7,7.0,7,10,7,10,10,0.7256235827664399,1.564625850340136,10.0,7,10,0,1.2333333333333334,7.0,7.0,0.019076923076923075,5.322258064516129,20,0,0,16.4,7,7,7,28.16709956709957,16.878,7,7,0,7.0,9.99,6.783651105318393,0,1.0236220472440944,19.8,16.599999999999998,10,10,7,7,7,7,7,7,25.0,14.868137996972353,19.397409301033996,10,20,30.0,30.0,10,30,15,25,15,20,7,40,41.86
62,0,0.0,0,0.0,0,0,0,0,0,0.0,0.0,0.0,0,0,0,0.0,0.0,0.0,0.0,0.0,0,0,0,,0,0,0,0.0,0.0,0,0,0,0.0,0.0,0.0,0,0.0,0.0,0.0,0,0,0,0,0,0,0,0,,0.0,0.0,0,0,,0.0,0,0,0,0,0,0,0,0,0.0
63,7,10.0,7,7.0,7,10,7,10,10,1.783166904422254,5.492154065620543,8.506944444444445,7,10,10,1.5695067264573992,4.925925925925926,5.25,0.0,0.0,20,20,0,11.8,7,7,7,16.6,22.891186419555268,7,7,7,4.745383996496624,6.66,1.0398227342972877,0,1.139240506329114,18.72,4.6000000000000005,10,10,7,0,0,7,0,7,5.538992880765036,12.933356716941425,17.559456272664576,10,20,0.0,27.0,10,20,15,25,0,0,7,40,65.0
64,7,10.0,0,7.0,7,10,7,10,0,0.8497316636851521,0.15652951699463324,0.6694855532064834,7,10,10,1.1958762886597938,6.416666666666667,7.0,0.7070033155268884,0.0,20,15,15,13.6,7,7,7,49.74814508595443,15.000232217334743,7,7,7,5.1657658196591685,3.33,1.747018042062477,0,1.2195121951219514,6.0,2.8000000000000003,0,0,7,7,0,0,0,7,9.292015308970985,17.422552664188352,17.3,10,20,30.0,27.0,10,30,0,25,0,20,7,40,0.0
65,7,10.0,7,5.6000000000000005,7,10,7,10,10,1.046475838719606,1.3696522006771314,10.0,7,10,0,0.32432432432432434,4.72680412371134,7.0,0.0,6.848443207043285,20,5,0,11.018,7,7,0,16.6,15.41279750758854,7,7,7,6.773804859972591,9.99,4.1357877499811435,7,0.11813186813186816,17.2,5.4,10,10,7,7,7,7,0,7,0.0,13.466517318471366,0.0,10,20,0.0,30.0,10,30,15,25,0,0,7,40,0.0
66,0,0.0,0,0.0,0,0,0,0,0,0.0,0.0,0.0,0,0,0,0.0,0.0,0.0,0.0,0.0,0,0,0,,0,0,0,0.0,0.0,0,0,0,0.0,0.0,0.0,0,0.0,0.0,0.0,0,0,0,0,0,0,0,0,,0.0,0.0,0,0,,0.0,0,0,0,0,0,0,0,0,0.0
67,0,10.0,7,2.0999999999999996,7,10,7,10,0,0.4317200636219042,0.4317200636219042,0.0,7,10,0,0.5591054313099041,5.25,0.0,0.0,4.373085302245704,0,0,0,,7,0,0,46.3548336328954,0.0,7,7,0,0.0,9.99,7.742804910903592,0,4.071672354948806,0.0,0.0,10,0,7,0,0,0,0,7,,13.443808376016872,17.755958701505556,10,20,,30.0,0,30,0,25,0,0,7,30,27.3754
68,7,7.5,7,4.9,7,10,7,10,0,0.8372093023255813,1.5116279069767442,4.746835443037975,7,10,0,1.6666666666666663,5.890243902439025,0.0,0.0,0.0,20,0,0,10.6,7,0,7,48.91499415011888,16.254153606069984,7,7,0,5.712,9.99,8.25,0,2.2222222222222223,18.799999999999997,2.48,10,10,0,7,7,0,0,7,0.0,13.188908145580589,15.718327923258474,10,20,30.0,27.0,10,30,15,25,0,0,0,40,31.46
69,7,10.0,7,6.300000000000001,7,10,7,10,10,0.5804953560371517,2.825077399380805,0.0,7,10,0,0.0,0.0,5.25,0.07335450502992677,8.0,20,0,0,11.4,7,7,7,16.6,0.0,7,7,0,7.0,0.0,8.78972049689441,0,0.07194244604316546,15.14,1.98,10,0,7,7,0,7,7,7,1.0555064451862683,14.812459510557003,0.0,10,20,30.0,24.0,10,30,15,25,0,0,7,40,26.962
70,7,7.5,7,7.0,7,10,7,10,0,2.730030333670374,3.2355915065722956,10.0,0,10,0,1.5441176470588236,6.65,7.0,0.0,7.544877927784275,20,10,0,15.600000000000001,7,7,7,50.0,45.0,7,7,0,4.487087154788133,9.99,8.657101548953317,0,5.0,17.0,4.0,0,10,7,7,7,7,7,7,17.462707974756192,16.233822442731977,13.508835196538046,10,20,30.0,27.0,10,30,15,25,15,20,7,40,32.76
71,7,10.0,7,7.0,7,10,7,10,10,0.2196729314132292,0.2196729314132292,10.0,7,10,0,1.1091234347048302,6.0925925925925934,7.0,0.0,0.0,20,15,15,12.120000000000001,7,7,7,50.0,17.443601562197742,7,7,0,6.6499999999999995,9.99,8.599157351423095,7,13.754940711462451,11.6,7.199999999999999,10,10,7,7,7,7,7,7,,0.0,0.0,10,20,,30.0,0,30,15,25,15,20,7,40,33.8
72,7,10.0,7,7.0,7,10,7,10,10,0.9452736318407959,7.437810945273632,10.0,7,10,10,0.6454545454545455,5.974137931034482,7.0,0.0,6.596947756484772,20,30,15,16.1,7,7,7,50.0,18.2494011204999,7,7,0,6.748090489046644,9.99,3.0274265122952193,7,5.7142857142857135,18.32,15.3,10,10,7,7,7,0,7,7,0.0,14.388489208633093,18.0,10,20,30.0,30.0,10,30,15,25,0,20,7,40,39.824200000000005
73,7,10.0,7,7.0,7,10,7,10,10,1.236917221693625,2.759276879162702,10.0,0,10,0,1.390728476821192,6.661290322580644,7.0,0.0,0.8854166666666667,20,25,0,14.4,7,7,7,49.29063825495565,15.047468447075662,7,7,0,6.975832664526104,9.99,15.0,0,7.6923076923076925,19.040000000000003,7.0,10,10,7,7,7,7,7,7,0.0,15.281062020327733,17.382954807080267,10,20,0.0,30.0,10,30,0,25,15,0,7,40,31.226
74,7,10.0,7,4.2,7,10,7,10,0,1.1926328502415457,2.189009661835749,10.0,7,10,0,1.0,7.0,7.0,8.0,0.0,0,0,0,10.4,7,0,0,50.0,15.00894434166216,7,7,0,0.0,3.33,1.5,0,0.0,1.7399999999999998,3.7520000000000002,0,0,0,7,0,0,0,0,0.0,12.285213325540619,0.0,5,0,,0.0,0,20,15,25,0,20,7,40,43.108000000000004
75,7,10.0,7,6.300000000000001,7,10,7,10,0,6.166666666666667,4.5,10.0,7,10,0,5.7000993048659385,7.0,7.0,0.0,1.002150880661062,20,15,0,14.0,7,7,7,46.141529808773896,15.00079782653889,7,7,0,0.0,9.99,7.260967420788366,0,0.8465608465608465,19.4,14.2,10,10,7,0,0,7,0,7,0.0,14.345256957518593,0.0,10,20,0.0,30.0,10,20,15,25,0,0,7,40,28.08
76,7,10.0,7,5.6000000000000005,7,10,7,0,0,0.075,1.4500000000000002,10.0,7,10,10,0.5732484076433122,7.0,7.0,1.4841627586206898,0.8744718965517242,20,5,0,16.2,7,0,7,50.0,0.0,7,7,0,0.0,9.99,8.25,0,5.0,15.0,7.4,10,10,7,7,0,7,0,0,25.0,15.375646236783615,17.696364244067293,10,20,30.0,24.0,10,30,15,25,15,0,7,40,51.9974
77,7,10.0,7,7.0,7,10,7,10,10,1.2258842443729905,1.1655948553054662,4.324018126888218,7,10,0,3.2028469750889683,7.0,7.0,0.0,1.173480166801406,20,20,0,15.2,7,7,7,43.37723102761021,15.000008421780747,7,7,0,4.152574761420589,6.66,1.9734764068463762,0,0.0,15.119999999999997,3.4600000000000004,0,0,7,0,0,7,0,0,25.0,13.683113273106324,19.192527869840312,10,20,30.0,30.0,10,30,0,25,0,20,7,40,0.0
78,0,10.0,7,7.0,7,10,7,10,0,0.8609932617918642,3.4190167207387074,10.0,7,10,10,0.7051016175860638,7.0,7.0,0.0,0.28888701796584615,20,0,15,14.2,7,7,7,22.65073253239735,15.033872075812056,7,7,7,0.0,3.33,6.83686080465691,0,1.412639405204461,13.600000000000001,3.7200000000000006,10,10,7,7,7,7,0,7,0.0,16.262969004893964,19.39199589533094,10,20,30.0,30.0,10,30,15,25,0,20,7,30,39.338
79,7,10.0,7,7.0,7,10,7,10,10,3.1854379977246867,10.0,8.613138686131387,0,10,0,3.276283618581907,7.0,7.0,0.0,2.291520672740014,20,15,0,15.8,7,7,7,16.6,16.21095127760601,7,7,7,7.0,9.99,12.04969338277239,0,1.0344827586206897,19.4,9.200000000000001,0,10,7,7,7,7,7,7,0.0,16.500082877507047,19.90120769973114,10,20,26.249513333333322,30.0,10,30,15,25,15,20,7,40,55.120000000000005
80,7,10.0,7,6.300000000000001,7,10,7,10,0,1.3143483023001097,1.04052573932092,10.0,7,0,0,2.121212121212121,7.0,5.25,0.0,0.0,20,15,0,12.346,7,7,7,50.0,15.00922226489225,7,0,0,7.0,6.66,6.689039998095706,0,3.3962264150943393,11.62,1.7999999999999998,0,10,7,7,0,7,0,0,25.0,15.68724279835391,0.0,10,20,30.0,19.5,10,30,15,25,0,0,7,40,0.0
81,0,0.0,0,0.0,7,10,7,10,10,0.0,0.0,3.9792387543252596,7,0,0,0.7547169811320754,5.133333333333333,7.0,0.0,0.44565401719969244,20,0,0,14.2,7,7,7,0.0,15.380396958043557,0,0,0,7.0,9.99,9.19616415340738,0,0.14705882352941177,13.600000000000001,3.8,0,10,7,0,0,0,7,7,,17.75390146576587,0.0,0,20,,0.0,0,30,15,25,0,0,0,10,0.0
82,7,10.0,7,7.0,7,10,7,10,10,2.6415094339622645,2.7358490566037736,10.0,7,10,0,0.9701492537313433,6.078947368421053,7.0,0.0,0.8644471107794998,20,5,15,12.0,7,7,7,50.0,15.002382999501108,7,7,7,7.0,9.99,7.270161290322581,7,5.74468085106383,19.0,0.0,10,10,7,0,0,7,7,0,0.0,12.28494623655914,19.00939896116745,5,20,30.0,30.0,10,30,15,25,0,0,7,40,0.0
83,0,7.5,7,3.5,0,10,7,10,10,4.528985507246377,0.36231884057971014,10.0,7,10,0,2.0,5.833333333333333,0.0,0.0,0.0,20,15,0,14.0,7,0,0,50.0,27.259137926353606,7,7,0,0.0,9.99,8.25,0,0.0,11.0,6.800000000000001,10,0,7,0,0,0,0,7,0.0,18.03568048457316,0.0,10,0,0.0,13.5,10,10,15,25,15,0,0,30,30.862000000000002
84,7,10.0,7,7.0,7,10,7,10,10,1.5938795027095953,2.2314313037934332,10.0,7,10,0,1.8741126360624705,7.0,7.0,0.0,3.545822036990921,20,25,0,15.5,7,7,7,16.6,15.004902582058195,7,7,0,7.0,9.99,12.660522482561596,0,0.11695906432748537,10.0,3.5999999999999996,10,10,7,7,7,7,0,7,0.0,14.98955657877031,16.489386860034873,10,20,30.0,30.0,10,30,15,25,0,0,7,40,0.0
85,7,10.0,7,7.0,7,10,7,10,0,1.8278574733919484,2.892179546506247,10.0,7,10,10,4.621848739495798,7.0,7.0,0.055687021826988134,2.643795642870996,20,15,0,11.44,7,7,7,16.6,18.286216564466176,7,7,0,0.0,9.99,2.958360569778323,0,0.5272727272727273,14.0,10.4,10,10,7,7,7,7,7,7,25.0,15.77401110891652,18.142260615502835,10,20,0.0,30.0,10,30,15,25,0,0,7,40,29.6348
86,7,10.0,7,7.0,7,10,7,10,0,1.4634146341463417,1.3170731707317074,10.0,7,10,0,0.7871720116618076,6.910256410256411,7.0,0.0,5.796898984494923,20,20,15,16.2,7,7,7,50.0,17.851606791601853,7,7,0,6.6499999999999995,9.99,10.050008625378258,0,0.9210526315789473,19.6,7.4,10,10,7,0,0,7,7,7,8.960841248258909,11.460639824520241,18.84142154057457,10,20,30.0,27.0,10,30,15,25,15,0,7,40,42.120000000000005
87,7,10.0,7,7.0,7,10,7,0,10,0.28664007976071787,0.8848454636091725,0.9517601043024772,7,10,10,0.7838983050847458,7.0,7.0,0.0,5.0,20,20,0,12.4,7,7,7,16.6,16.174605273306227,7,7,0,6.357830094995572,9.99,4.127857081596554,0,0.2571428571428571,17.3,1.1199999999999999,0,0,7,7,7,7,0,7,5.480728137718937,16.574194749581082,0.0,10,20,0.0,22.5,10,30,0,25,0,20,7,40,26.91
88,0,7.5,7,5.6000000000000005,7,10,7,10,0,0.9378663540445485,1.0550996483001172,1.1308562197092082,0,10,0,0.0,0.0,0.0,0.0,8.0,20,15,0,,0,7,0,16.6,19.227432745741993,0,0,0,0.0,3.33,6.075814455863618,0,3.230769230769231,6.0,1.6,0,10,7,0,0,0,0,0,0.0,14.382678506264444,19.010329520232197,10,20,,27.0,0,30,15,25,15,0,7,30,35.008272
89,0,0.0,0,0.0,0,0,0,0,0,0.0,0.0,0.0,0,0,0,0.0,0.0,0.0,0.0,0.0,0,0,0,,0,0,0,0.0,0.0,0,0,0,0.0,0.0,0.0,0,0.0,0.0,0.0,0,0,0,0,0,0,0,0,,0.0,0.0,0,0,,0.0,0,0,0,0,0,0,0,0,0.0
90,7,7.5,7,7.0,7,10,7,10,10,0.5533980582524272,1.174757281553398,10.0,7,10,0,1.7445742904841401,7.0,7.0,0.0,6.092968890746493,20,15,0,13.74,7,7,7,50.0,15.532008511391203,7,7,0,5.782608695652174,9.99,7.379402153230727,0,0.1282051282051282,17.6,7.6,0,10,7,0,7,7,0,7,0.0,15.327915141917149,18.69530288825147,10,20,30.0,30.0,10,30,15,25,0,0,7,40,26.65
91,0,0.0,0,0.0,0,0,0,0,0,0.0,0.0,0.0,0,0,0,0.0,0.0,0.0,0.0,0.0,0,0,0,,0,0,0,0.0,0.0,0,0,0,0.0,0.0,0.0,0,0.0,0.0,0.0,0,0,0,0,0,0,0,0,,0.0,0.0,0,0,,0.0,0,0,0,0,0,0,0,0,0.0
92,7,7.5,7,6.300000000000001,7,10,7,10,10,3.8461538461538463,9.111277072442121,10.0,7,10,0,1.8487394957983194,6.155172413793103,5.25,0.0,8.776573282886254,20,15,0,12.7,7,7,7,50.0,15.68775191104934,7,7,0,0.0,6.66,0.0,0,14.0,15.2,1.28,10,10,7,0,0,7,7,7,25.0,13.810888252148997,19.536541889483065,10,20,0.0,24.0,10,30,15,25,15,0,7,40,0.0
93,7,10.0,7,7.0,7,10,7,10,0,3.0,10.0,1.3888888888888888,7,10,0,0.6,4.55,5.25,0.536868818576603,0.5347731464339136,20,20,0,14.0,7,7,0,48.552794526799374,0.0,7,7,0,0.0,3.33,1.5,0,1.6,14.0,2.0,10,10,7,7,7,7,0,0,17.299161804010453,12.212889979538598,12.030219195573526,5,20,30.0,24.0,10,30,15,25,0,0,7,40,40.56
94,7,10.0,7,7.0,7,10,7,10,10,2.1957340025094103,4.265997490589712,10.0,7,10,0,4.519230769230769,7.0,5.25,0.0,9.429629741316486,20,20,0,15.006,7,7,7,35.25654559713419,15.228018016162128,7,7,0,6.677914073361919,9.99,6.1710821555363555,0,13.222222222222221,19.96,7.78,10,10,7,0,7,7,7,7,10.3332220738763,15.918465227817745,18.850923986318758,10,20,0.0,30.0,10,30,15,25,15,0,7,40,32.5
95,7,10.0,7,7.0,7,10,7,10,10,1.6160407002843034,0.9052820589555588,10.0,7,10,0,3.460410557184751,7.0,7.0,0.0,8.586646668683095,20,30,15,17.73,7,7,7,50.0,15.017092503493817,7,7,7,6.2999999972187695,9.99,11.03553017944535,0,3.5294117647058822,16.064,14.376,10,10,7,7,7,7,0,7,0.0,12.85646870916219,16.654676258992804,10,20,30.0,30.0,10,30,15,25,0,0,7,40,38.7504
96,7,10.0,7,7.0,7,10,7,10,0,1.7186793306196293,0.9497964721845319,3.909147095179234,7,10,0,1.7202970297029703,6.5,7.0,0.0,1.1019701590965298,20,0,0,14.2,7,7,7,26.38940512375163,0.0,7,7,0,7.0,9.99,13.97765679419688,0,3.28099173553719,17.9,2.2,0,10,7,7,0,7,7,7,0.0,15.711775043936731,19.711649365628602,10,20,30.0,30.0,10,30,0,25,15,0,7,40,27.1752
97,7,10.0,0,5.6000000000000005,7,10,7,10,0,0.5076142131979695,2.66497461928934,10.0,7,10,0,0.0,0.0,0.0,0.0,0.0,20,25,0,10.2,0,7,7,16.6,45.0,7,7,0,0.0,3.33,3.400293255131965,7,2.1100917431192663,20.0,10.0,0,10,0,0,7,7,7,0,0.0,15.27205199628598,11.2389486260454,10,20,30.0,0.0,10,20,15,25,0,0,7,30,52.0
98,7,10.0,7,4.9,7,10,7,10,10,0.13560343528702729,1.1450956757571191,10.0,7,10,0,1.0453085979307883,7.0,7.0,0.0,5.301052703601772,0,0,0,10.844,7,7,7,0.0,0.0,0,0,7,6.392221563665553,6.66,0.0,0,0.0,0.0,0.0,10,10,7,7,7,7,7,7,0.0,18.030282112341517,0.0,5,20,30.0,19.5,10,30,0,25,0,20,7,40,0.0
99,7,7.5,7,7.0,7,10,7,10,0,1.3768115942028984,2.1739130434782608,10.0,0,10,0,3.0434782608695654,6.5,7.0,0.0,0.0,20,15,0,16.0,7,7,0,35.88834507424788,16.631650919940327,7,7,0,0.0,3.33,0.0,0,2.7666666666666666,17.6,4.0,10,10,7,0,0,7,7,0,0.0,12.010671635470484,13.947368421052632,10,20,15.0,27.0,10,30,0,25,15,0,7,40,0.0
100,7,10.0,7,7.0,7,10,7,10,10,1.7290049400141143,2.611150317572336,10.0,7,10,0,1.875,7.0,7.0,0.03575145909272877,7.30689582634351,20,15,0,14.0,7,7,0,45.01261390881311,0.0,7,7,7,0.0,9.99,1.5,0,13.46774193548387,13.0,5.2,10,10,7,7,0,7,7,7,17.250067837345426,12.785304060934381,18.93791588603915,10,20,30.0,30.0,10,20,0,25,0,0,7,40,28.6806
101,0,10.0,7,6.300000000000001,7,10,7,10,0,0.0,0.0,0.0,7,10,0,0.0,0.0,7.0,0.0,8.57426112745932,0,0,0,,0,7,7,25.25843084610401,16.633286132060952,7,7,0,0.0,0.0,0.0,0,0.0,0.0,0.0,0,0,0,0,0,0,0,0,,13.385417411651098,0.0,0,20,,0.0,0,0,0,0,0,0,7,40,0.0
102,0,10.0,7,7.0,7,10,7,10,0,0.13283419876826472,0.8573843738678903,0.23154453827295016,7,10,0,0.4,5.314814814814815,7.0,0.0,0.0,20,15,0,12.2,7,7,7,16.6,15.001756644367132,7,7,7,6.797567773807006,9.99,2.1143613571547912,0,0.2631578947368421,11.6,4.16,0,10,7,7,7,7,0,7,1.2527332361515962,12.7616,10.765736534717716,10,20,30.0,22.5,10,30,15,25,0,0,7,30,26.52
103,0,10.0,7,7.0,7,10,0,0,10,0.0,0.0,0.0,7,0,0,0.0,0.0,0.0,0.0,0.0,20,10,0,,0,0,0,50.0,0.0,7,0,0,0.0,3.33,1.5,0,0.0,14.7,11.14,0,10,7,0,0,7,7,7,0.0,0.0,0.0,10,0,,16.5,0,30,15,25,0,0,7,30,35.49
104,7,10.0,7,7.0,7,10,7,10,0,1.1819269898264513,10.0,10.0,7,10,0,3.0445544554455446,7.0,7.0,0.0,0.3677631356075748,20,10,0,14.8,7,7,7,50.0,26.38923629619546,7,7,0,7.0,9.99,8.25,0,10.417218543046358,12.872,6.868,10,10,7,7,7,7,7,7,0.0,15.658400939034184,0.0,10,20,0.0,24.0,10,30,15,25,15,0,7,40,0.0
105,7,10.0,7,5.6000000000000005,7,10,7,10,10,4.975429975429976,4.821867321867322,10.0,7,10,0,2.98932384341637,7.0,7.0,0.0,4.258630941633866,20,15,0,14.0,7,7,7,50.0,15.272585960148252,7,7,0,0.0,9.99,0.0,0,7.213114754098361,13.0,12.2,10,10,7,0,0,7,0,0,0.0,16.514326856751573,14.746215494211931,10,20,0.0,27.0,10,30,0,25,15,0,7,40,50.232
106,0,7.5,7,4.2,7,10,0,10,10,0.9012875536480687,2.918454935622318,7.204610951008645,7,10,0,2.1538071709109334,7.0,7.0,0.32516925541870356,0.3122439074107467,20,25,15,14.0,7,0,0,50.0,16.97087303670859,7,7,7,7.0,0.0,inf,0,2.2772277227722775,19.080000000000002,0.6,0,10,0,0,0,0,7,0,13.102725366876319,0.0,0.0,5,0,30.0,30.0,10,30,15,25,0,0,7,30,0.0
107,0,0.0,7,3.5,7,10,7,0,10,0.9836065573770493,6.721311475409836,10.0,0,10,0,2.638888888888889,6.300000000000001,0.0,0.0,3.057624359152002,20,15,0,,7,7,7,16.6,0.0,7,7,0,5.648035583724558,0.0,0.2006656495312154,0,0.0,14.399999999999999,4.36,0,10,7,7,7,7,0,7,0.0,11.362599771949828,0.0,10,20,25.590141292503297,3.0,10,30,15,25,0,0,7,30,33.566
108,7,10.0,7,4.9,7,10,7,10,10,2.1203438395415475,5.157593123209169,10.0,7,10,0,1.5783540022547915,7.0,7.0,0.0,0.0,20,0,0,15.600000000000001,7,0,0,16.6,15.002083942521637,0,7,0,6.999999980751053,6.66,5.803737294431774,0,0.24390243902439024,18.240000000000002,14.64,0,10,7,0,7,7,7,7,17.59324419422943,13.57642311794499,0.0,5,0,30.0,30.0,10,30,15,25,15,0,7,40,50.7
109,0,0.0,0,0.0,0,0,0,0,0,0.0,0.0,0.0,0,0,0,0.0,0.0,0.0,0.0,0.0,0,0,0,,0,0,0,0.0,0.0,0,0,0,0.0,0.0,0.0,0,0.0,0.0,0.0,0,0,0,0,0,0,0,0,,0.0,0.0,0,0,,0.0,0,0,0,0,0,0,0,0,0.0
110,7,10.0,7,7.0,7,10,7,10,10,1.9450800915331805,4.004576659038902,10.0,7,10,0,2.5833333333333335,5.444444444444445,7.0,0.0,7.214530674457005,20,20,0,17.36,7,7,7,16.6,15.003135470872685,7,7,7,7.0,9.99,8.164835275568807,0,0.46875,18.799999999999997,4.36,10,10,7,0,0,7,0,7,25.0,19.518777434563486,18.9858133418347,10,20,29.840817549941487,19.5,10,30,15,25,15,0,7,40,0.0
111,0,10.0,7,6.300000000000001,7,10,7,0,10,2.247191011235955,0.9987515605493134,0.1670378619153675,7,10,0,0.0,0.0,5.25,0.0,1.3161093995977735,20,5,15,,0,0,7,50.0,15.189218936562966,7,7,0,0.0,9.99,8.25,0,0.29411764705882354,0.0,0.0,0,10,7,0,0,7,0,7,25.0,16.2176621623004,17.350497207464922,0,20,,24.0,0,30,15,25,0,0,7,30,26.052
112,0,10.0,0,5.6000000000000005,7,10,7,10,0,0.0,0.0,10.0,7,10,0,0.467412771560237,6.0925925925925934,7.0,0.0,2.8567000360364765,0,0,0,13.4,7,7,7,50.0,15.002118429228757,7,7,7,0.0,9.99,3.2328427396228756,7,0.8179959100204499,11.079999999999998,6.6000000000000005,0,10,7,7,0,0,0,0,25.0,11.810359367540572,0.0,10,20,,0.0,0,30,0,0,0,20,7,20,0.0
113,7,10.0,7,7.0,7,10,7,10,10,1.9274376417233556,2.683295540438398,5.352363960749331,7,0,0,1.1931818181818183,4.984848484848484,7.0,0.0,6.875158238325421,20,15,0,16.0,7,7,0,50.0,15.350683182905607,7,7,7,7.0,9.99,10.988948019590616,0,2.7777777777777777,10.659999999999998,6.2,10,10,7,7,7,7,0,7,0.0,16.600656331334164,18.627106629711044,10,20,0.0,16.5,10,30,15,25,0,0,7,40,47.164
114,0,0.0,7,0.0,7,10,7,0,10,2.6,2.0,10.0,7,0,0,0.4,4.75,7.0,0.0,5.274307826220296,20,15,0,11.2,7,7,0,0.0,15.12720154403396,0,0,7,0.0,3.33,0.0,0,10.0,8.6,4.6000000000000005,0,10,7,7,0,7,7,7,11.72090457804745,12.415169660678643,20.0,5,20,,0.0,0,10,0,0,0,0,0,20,27.56
115,7,10.0,7,5.6000000000000005,7,10,7,0,0,0.11837121212121213,1.6571969696969697,10.0,7,10,10,0.650887573964497,5.719512195121951,7.0,0.07453897529804193,0.0,20,0,15,17.0,7,7,7,50.0,15.754049687884857,7,7,7,7.0,9.99,0.0,7,10.666666666666668,14.6,8.2,0,10,7,7,7,7,0,7,25.0,16.812749003984063,15.0,10,20,30.0,24.0,10,30,15,25,15,0,7,40,29.25
116,7,10.0,7,7.0,7,10,7,10,0,1.8220539517274021,3.0052058684335066,10.0,7,10,0,2.562962962962963,7.0,7.0,0.11461712918811662,2.1472615853709454,20,10,0,19.54,7,7,7,50.0,15.273887255125546,7,7,7,6.999999991863912,9.99,5.719064456503678,7,8.044280442804428,17.96,8.83,10,10,7,7,7,7,7,7,5.470810012097672,16.55491199997431,18.695577766924202,10,20,30.0,30.0,10,30,15,25,15,0,7,40,32.5
117,7,7.5,7,7.0,7,10,7,10,10,9.74304068522484,10.0,10.0,7,10,0,5.481481481481482,7.0,7.0,0.0,8.589163123700146,20,20,0,14.0,7,7,7,50.0,16.035951975954948,7,7,7,7.0,9.99,13.608428030303031,0,3.2183908045977008,16.200000000000003,4.2,10,10,7,7,7,0,7,7,10.886380564945895,15.971785904807067,0.0,10,20,30.0,30.0,10,30,15,25,15,20,7,40,34.996
118,7,10.0,7,7.0,7,10,7,10,0,0.6914433880726014,0.648228176318064,10.0,7,10,0,0.5405405405405405,6.0925925925925934,5.25,0.3640709860958879,2.771109249497897,20,5,0,12.994,7,7,7,35.91530309172589,39.60753118056169,7,7,7,7.0,9.99,8.13760594127215,0,4.848484848484849,19.0,6.0,10,10,7,7,7,7,0,7,0.0,12.789896670493686,17.08947946247309,5,20,30.0,30.0,10,20,15,25,15,20,7,40,0.0
119,7,10.0,7,7.0,7,10,7,10,10,1.0184287099903007,0.6304558680892337,2.272727272727273,7,10,0,1.3839285714285716,7.0,0.0,0.0,3.971479528475981,20,10,15,14.2,7,7,7,16.6,0.0,7,7,7,6.999999999999999,9.99,14.835957828789642,0,5.762711864406779,18.799999999999997,0.001,10,10,7,7,0,7,0,7,0.0,15.492985772559944,0.0,10,20,30.0,27.0,10,30,0,25,0,0,7,40,0.0
120,0,10.0,7,4.9,7,10,7,10,10,0.528169014084507,1.936619718309859,1.9472738166566805,7,10,10,0.821917808219178,6.078947368421053,1.75,0.0,5.198658638646086,20,5,0,,7,7,7,50.0,15.02443080953448,7,7,0,7.0,9.99,13.621548216838324,0,2.05607476635514,6.800000000000001,3.0,10,10,7,0,0,7,0,7,25.0,13.936606996222697,0.0,10,20,0.0,30.0,10,30,15,25,0,0,7,40,29.64
121,7,10.0,7,5.6000000000000005,7,10,7,10,10,10.0,5.0,10.0,7,10,10,10.0,7.0,5.25,0.0,0.0,20,5,0,25.0,7,7,7,16.6,28.714591304347827,0,7,0,7.0,9.99,10.95,0,0.0,19.0,8.0,10,10,0,0,0,7,0,0,0.0,15.06801813817018,18.0,10,20,30.0,27.0,10,20,15,25,0,0,7,40,37.7
122,0,10.0,7,1.4,7,0,7,0,0,0.6535947712418301,0.5446623093681917,0.5093215452623486,7,10,0,1.0714285714285714,7.0,7.0,0.0,0.0,20,0,0,14.4,7,0,0,50.0,15.172114467043011,7,7,0,0.0,3.33,2.384980604796663,0,0.0,11.0,11.0,10,10,7,7,7,0,7,7,0.0,13.986224348174112,0.0,10,20,30.0,0.0,10,20,0,25,0,20,7,30,0.0
123,7,10.0,7,5.6000000000000005,7,0,7,10,10,2.25,8.75,3.113175094599243,7,10,0,1.0295616717635063,6.722222222222221,7.0,0.0,3.8779720017111154,0,0,0,14.0,7,0,0,0.0,15.24921179610019,0,0,0,0.0,0.0,0.0,0,0.9599999999999999,0.0,0.0,10,10,7,7,7,7,7,7,,0.0,0.0,10,0,,30.0,0,30,0,0,0,0,7,40,0.0
124,0,10.0,7,6.300000000000001,7,10,7,10,0,0.6119434479848069,0.7069001899134839,0.8639426211693111,7,10,0,5.0,4.353658536585366,5.25,0.0,2.25498885698695,20,20,15,,0,7,7,16.6,19.048098865116987,7,7,0,4.803771787296553,0.0,1.5,0,2.2535211267605635,16.4,10.0,10,10,7,0,0,0,7,7,13.198817052767486,14.29828039229114,19.124170664058877,5,20,0.0,30.0,10,30,0,25,0,0,7,30,0.0
125,7,10.0,7,7.0,7,10,7,10,0,3.188180404354588,4.320027648176948,0.0,7,10,0,0.0,0.0,7.0,0.3996282541201516,1.5476946720313625,20,25,0,13.342,7,7,7,50.0,0.0,7,7,7,7.0,9.99,4.165583582453394,0,0.17081260364842454,15.998,3.2439999999999998,10,10,7,7,7,7,0,7,0.0,16.13252171215881,19.064831140648312,10,20,30.0,30.0,10,30,15,25,0,0,7,40,0.0
126,7,10.0,7,4.2,7,10,7,10,0,0.05210142410559221,0.5210142410559222,10.0,7,10,0,1.893491124260355,4.418032786885246,7.0,0.1686289175578289,1.873053623422655,0,0,0,12.738,7,0,0,44.6623089684018,15.260569498497354,7,7,0,0.0,3.33,0.0,7,0.9506398537477148,10.8,1.0,0,0,0,0,0,0,0,0,0.0,11.371131691890671,0.0,10,20,0.0,27.0,0,30,0,0,0,20,7,40,0.0
127,7,7.5,7,7.0,7,10,7,10,10,1.822916666666667,3.3203125,10.0,7,10,10,1.9818397157520726,6.652671755725191,7.0,0.0,6.1811488994260095,20,20,0,12.2,7,0,0,16.6,17.47328124336977,0,0,7,1.2714846808976286,9.99,7.380929332042594,0,0.6498993963782697,12.4,4.1,10,10,7,7,7,7,7,7,0.0,13.043694024085617,18.211240845093293,10,0,30.0,30.0,10,30,0,25,15,0,7,40,0.0
128,7,10.0,7,7.0,7,10,7,10,10,1.064690026954178,1.3342318059299192,7.149376331000913,7,10,0,2.496025437201908,6.539473684210527,7.0,0.0,2.7797520000000002,20,25,0,12.42,7,7,7,16.6,15.003486615425391,7,7,0,5.004999998321617,9.99,6.942218394857468,0,0.896551724137931,16.299999999999997,9.68,10,10,7,0,7,7,0,7,24.87419437006846,14.533152080048582,0.0,10,20,30.0,30.0,10,30,15,25,0,0,7,40,34.866
129,7,10.0,7,4.9,7,10,7,10,0,0.6113092205807438,6.775343861436577,10.0,7,10,0,1.8032786885245902,6.954545454545455,7.0,0.0,5.766771132255953,20,20,0,12.746,7,0,0,50.0,0.0,0,0,0,2.586476932754423,0.0,0.8468471570398126,0,0.0,14.059999999999999,6.16,10,10,7,0,0,0,0,7,0.0,11.311436106449293,0.0,5,20,0.0,22.5,10,20,0,25,0,0,7,40,0.0
130,7,10.0,7,0.0,7,10,7,10,10,8.558558558558559,10.0,10.0,0,10,0,10.0,7.0,7.0,0.0,0.4782716049382716,20,0,15,17.6,7,7,7,16.6,24.713291474392918,7,7,0,6.12698297191093,9.99,13.392384,0,0.38461538461538464,14.8,0.27999999999999997,0,10,0,0,0,0,7,0,0.0,13.528805853519925,0.0,10,20,,12.0,0,30,15,25,15,20,7,30,0.0
131,7,10.0,7,5.6000000000000005,7,10,7,10,10,2.901960784313725,2.0784313725490193,3.0092046259145624,7,10,10,1.8634146341463413,7.0,7.0,0.0,7.542331097970935,20,20,0,16.56,7,7,7,16.6,15.348749052312359,7,7,0,0.0,9.99,9.509453498027819,7,1.857142857142857,13.0,6.0,10,0,7,0,0,7,7,7,0.0,13.098245614035088,17.992565055762082,10,20,30.0,30.0,10,30,15,25,0,0,7,40,32.76
132,7,10.0,7,7.0,7,10,7,10,10,0.4716981132075472,4.490566037735849,10.0,7,10,0,1.6161616161616164,6.807692307692307,7.0,0.0,7.893864820574941,20,10,0,17.4,7,7,7,16.6,20.328597414991506,7,7,0,5.227663634151741,9.99,13.063377927139292,7,0.6108597285067873,11.540000000000001,2.4,10,10,7,0,0,7,7,7,0.0,15.282632161449438,18.000426587037087,10,20,0.0,30.0,10,30,15,25,15,0,7,40,32.5
133,7,10.0,7,7.0,7,10,7,10,10,0.0,0.0,0.0,7,10,0,0.0,0.0,7.0,0.0,0.0,20,20,15,10.6,7,7,7,50.0,15.039271494052587,7,7,7,0.0,0.0,0.0,0,2.7413127413127407,13.100000000000001,0.0,0,0,0,0,0,0,0,0,14.85005682911909,14.126418765328125,0.0,10,20,20.493366387335193,30.0,10,30,0,0,0,20,7,40,26.546
134,7,10.0,7,7.0,7,10,7,10,10,1.4745762711864407,5.6610169491525415,7.356146469049694,7,10,0,2.1254188606988986,7.0,7.0,0.0,1.8534664268551413,20,15,0,20.880000000000003,7,7,7,16.6,0.0,7,7,0,0.0,9.99,6.421060225262962,7,1.5877437325905293,14.2,14.2,10,10,7,7,7,7,7,7,0.0,14.648313176320816,19.12808861119,10,20,30.0,30.0,10,30,15,25,15,0,7,40,64.27199999999999
135,7,10.0,7,7.0,7,10,7,10,0,1.601262967974741,2.5935949481281013,10.0,7,10,0,1.373946856772521,6.227272727272728,7.0,0.0,7.264191517906827,20,15,0,15.2,7,7,7,50.0,0.0,7,7,0,0.0,9.99,9.07699955335195,0,1.7672253258845436,18.84,11.459999999999999,10,10,7,7,7,7,7,7,25.0,15.644244179809034,19.61923847695391,10,20,30.0,30.0,10,30,15,25,15,20,7,40,35.1
136,7,10.0,7,7.0,7,10,7,10,10,1.8980061349693254,0.7732617586912066,8.261650302661685,7,10,10,2.0406976744186043,6.9520547945205475,7.0,0.24795952603016533,8.328425907025931,20,10,15,14.54,7,7,7,50.0,15.303322279514862,7,7,7,4.835269430026703,9.99,7.45424527119251,0,2.6099290780141846,17.480000000000004,7.84,10,10,7,7,7,7,7,7,0.0,17.312400487511503,19.637832779176907,10,20,30.0,30.0,10,30,15,25,15,20,7,40,47.684
137,7,10.0,7,7.0,7,10,7,10,0,1.8119266055045875,2.224770642201835,10.0,7,10,10,1.46158650843223,6.863636363636363,7.0,0.254437686742047,9.44147306260707,20,20,15,14.271999999999998,7,7,7,50.0,16.03005763359402,7,7,7,7.0,9.99,8.104363848961786,7,7.461811722912966,16.48,14.152000000000001,10,10,7,7,7,7,7,7,0.0,18.1489841986456,19.459327658712063,10,20,30.0,30.0,10,30,15,25,15,20,7,40,28.548000000000002
138,7,10.0,7,7.0,7,10,7,10,0,1.3258654515536992,0.8037465983165624,0.0,7,10,0,1.4025695931477515,6.627659574468085,7.0,0.0799525487033119,7.901152880465904,20,10,0,12.138,7,7,7,16.6,16.26892163615873,7,7,0,5.93578271693398,9.99,6.803196723326898,0,10.129208371246587,14.780000000000001,9.22,10,10,7,7,7,7,0,7,25.0,16.314456203557757,19.14734020679849,10,20,0.0,30.0,10,30,15,25,15,20,7,40,0.0
139,7,10.0,7,7.0,7,10,7,10,10,1.8292682926829267,1.4227642276422765,5.960264900662252,7,10,0,3.34916864608076,7.0,7.0,1.0630395382069404,8.406332718344089,20,15,0,12.6,7,7,7,16.6,16.868358578005658,7,7,0,4.0019312698387255,9.99,8.585283841040985,0,5.811475409836066,13.4,6.6000000000000005,0,10,7,7,7,7,0,7,0.0,14.163126593033136,19.97249584239478,10,20,0.0,30.0,10,20,15,25,15,20,7,40,0.0
140,7,7.5,7,7.0,7,10,7,10,10,1.0514018691588785,0.21417445482866038,10.0,0,0,0,1.8934081346423561,5.138297872340425,7.0,0.6408305333013605,7.769085493098113,20,15,0,14.764,7,7,7,50.0,15.998460060234315,7,7,0,5.334004548308167,9.99,9.404129869955035,7,4.195219123505976,11.0,6.0,10,10,7,7,7,7,7,7,0.0,15.576662949055079,19.644098402034835,10,20,30.0,30.0,10,30,15,25,15,20,7,40,30.94
141,7,10.0,7,7.0,7,10,7,10,10,1.2199921290830382,5.7260920897284535,1.1602209944751383,7,10,0,2.0851951146857313,5.75,7.0,0.06731300816750148,5.188584658422597,20,10,0,13.2,7,7,7,24.67212223900158,15.129360866556777,7,7,7,1.3736769560922077,9.99,7.362624336850173,0,8.784444444444444,11.399999999999999,11.399999999999999,10,10,7,7,7,7,7,7,0.0,16.593572340178675,19.512113055181693,10,20,27.555396770808663,30.0,10,30,15,25,15,20,7,40,26.8944
142,7,10.0,7,7.0,7,10,7,10,10,1.0866684336072092,1.351709514974821,5.956237567490764,7,10,10,2.167338709677419,6.7756410256410255,7.0,1.2607062255483767,7.6383295288746655,20,10,15,16.28,7,7,7,17.52468537358129,15.073204985376945,7,7,0,0.0,9.99,8.061641188453892,0,2.7493261455525606,18.6,7.800000000000001,0,10,7,7,7,7,7,7,25.0,16.902285884951496,18.494187411930483,10,20,30.0,30.0,10,30,15,25,15,20,7,40,0.0
143,7,10.0,7,7.0,7,10,7,10,10,1.7432742188442512,2.6842803715767882,10.0,7,10,0,4.0062111801242235,6.32089552238806,7.0,0.44656748618921116,5.218009648553139,20,15,15,16.6,7,7,7,16.6,15.072792137358647,7,7,0,5.762025057610482,9.99,10.160802124914037,0,1.9114688128772634,18.56,10.38,10,10,7,7,7,7,7,7,0.0,16.55710172744722,17.25,10,20,30.0,30.0,10,30,0,25,15,20,7,40,30.4434
144,7,10.0,7,7.0,7,10,7,10,0,2.748020493712157,7.801583605030276,0.0,0,10,0,1.3392857142857142,7.0,7.0,0.0,8.4475012082323,20,15,0,15.34,7,7,7,50.0,0.0,7,7,7,0.0,9.99,7.1396103896103895,0,0.9138381201044387,18.0,10.8,10,10,7,7,7,7,0,7,0.0,14.372309771975385,0.0,10,20,30.0,30.0,10,30,15,25,15,0,7,40,30.862000000000002
145,7,10.0,7,7.0,7,10,7,10,0,2.3972602739726026,3.082191780821918,10.0,7,10,0,1.9123505976095618,5.10655737704918,7.0,0.0,8.0,20,20,0,11.8,7,7,7,16.6,17.3342500270944,7,7,0,6.746987951807229,9.99,10.734475142122605,0,2.769230769230769,3.4299999999999997,2.484,10,10,7,7,7,0,0,7,25.0,14.252316832961995,17.52588357358882,10,20,0.0,30.0,10,30,15,25,15,0,7,40,28.392
146,7,10.0,7,7.0,7,10,7,10,0,2.996493465094039,5.068536818616512,10.0,7,10,10,3.04029304029304,7.0,7.0,0.0,6.731315563739956,20,15,15,16.984,7,7,7,50.0,15.117103641739298,7,7,7,6.865645026364728,9.99,8.25,7,0.7722772277227723,15.0,5.175999999999999,10,10,7,7,7,7,7,7,25.0,14.68303100992029,19.75208314832284,10,20,30.0,30.0,10,30,15,25,15,20,7,40,26.8996
147,0,10.0,0,7.0,7,10,7,10,0,2.70473328324568,6.273478587528174,10.0,7,10,0,2.1413276231263385,7.0,7.0,0.0,5.836103858192375,20,25,0,10.8,7,7,7,36.29602181040917,19.12377419710078,7,7,0,7.0,0.0,1.5,0,0.0,12.4,7.3,10,10,7,7,0,0,0,7,25.0,12.419354838709678,0.0,10,20,30.0,0.0,10,30,0,25,0,0,7,20,31.824
148,7,10.0,7,6.300000000000001,7,10,7,10,10,0.5050505050505051,2.443352443352443,9.79434072345391,7,10,0,1.3627854736053913,7.0,0.0,0.0,3.8475961295562016,20,25,15,14.86,7,7,7,16.6,15.014624434212163,7,7,7,7.0,9.99,3.242356617962413,0,0.286783042394015,15.746,9.546,10,0,7,7,7,7,0,7,25.0,14.452851423722578,19.052114705596495,10,20,26.069336798582356,30.0,10,30,0,25,15,0,7,40,0.0
149,7,10.0,7,7.0,7,10,7,10,0,0.34815211569362614,1.7943224424209965,6.251455180442375,7,10,0,2.536082474226804,7.0,7.0,0.0,0.03935055352144334,20,20,0,13.286,7,0,7,16.6,16.60648457071922,7,7,0,7.0,9.99,6.6622338954658025,0,5.368421052631579,7.6,9.559999999999999,0,0,7,7,7,7,0,7,0.0,12.349925418485167,19.842289719626166,10,20,0.0,22.5,10,30,0,25,0,20,7,40,28.6
150,7,10.0,7,7.0,7,10,7,0,0,1.8743914313534566,3.481012658227848,0.0,0,10,0,1.2357142857142858,5.691919191919192,7.0,0.0,8.0,20,20,0,12.06,7,0,7,50.0,15.003882724836627,7,7,7,5.961949996840575,6.66,6.691511175578558,0,0.8212765957446808,17.328000000000003,14.030000000000001,10,10,7,0,7,7,0,7,25.0,14.657772401595574,15.105093256814921,10,0,0.0,30.0,10,30,15,25,0,0,7,40,39.2288
151,7,10.0,7,7.0,7,10,7,10,10,0.5323741007194244,2.172661870503597,10.0,7,10,10,1.8416206261510129,7.0,7.0,0.0,7.812462230968282,20,15,0,15.4,7,7,0,50.0,15.336065173772582,7,7,0,0.0,3.33,3.350670849267217,7,0.5233870967741935,18.060000000000002,7.58,10,10,7,7,7,0,7,7,0.0,12.806253342530946,12.297476759628154,10,20,30.0,30.0,10,30,15,25,0,20,7,40,27.378
152,7,10.0,7,7.0,7,10,7,10,10,0.18092681218629625,1.5407960779736198,5.825545171339563,7,10,0,1.6096207215541167,7.0,7.0,0.0,6.514441986234022,20,25,0,16.240000000000002,7,7,7,16.6,15.007030442185172,7,7,7,0.0,9.99,5.8114915048619,7,0.4507042253521127,8.68,3.66,10,10,7,7,7,7,0,7,0.0,15.566238283892162,19.44038656028767,10,20,30.0,30.0,10,20,15,25,0,20,7,40,39.65
153,7,10.0,7,7.0,7,10,7,10,10,0.638347260909935,1.7989786443825442,10.0,7,10,0,1.925581395348837,7.0,7.0,0.0,7.478760054873106,20,15,0,14.03,7,7,7,16.6,18.13954315910602,7,7,7,0.0,9.99,10.214791059503867,7,0.3665338645418327,12.1,9.588,10,10,7,7,7,7,7,7,25.0,15.182714086097754,19.84300320199785,10,20,28.944150690982063,30.0,10,30,15,25,0,0,7,40,13.0
154,7,10.0,7,7.0,7,10,7,10,10,1.1487303506650544,1.496372430471584,10.0,7,10,0,2.0241691842900305,7.0,7.0,0.0,8.0,20,15,0,12.8,7,7,7,16.6,15.00078198424157,7,7,0,6.999999999999998,9.99,3.3842700354461805,0,0.577319587628866,13.4,5.8,10,10,7,7,7,7,7,7,0.0,15.734325794446034,18.11168258633358,10,20,30.0,30.0,10,20,0,25,15,0,7,40,0.0
155,7,10.0,7,5.6000000000000005,7,10,7,10,0,1.101141924959217,2.161500815660685,5.588380108321024,7,10,0,0.7134767836919592,6.1415094339622645,0.0,0.0,0.4259221781816566,20,15,0,16.6,7,7,7,16.6,0.0,7,7,7,2.568103078151476,9.99,0.0,0,0.0,10.2,1.42,10,10,7,0,0,7,0,7,25.0,13.006093432633717,19.38243482662617,10,20,0.0,0.0,10,30,15,25,15,0,7,40,0.0
156,7,10.0,7,6.300000000000001,7,10,7,10,0,1.2448700410396716,3.7209302325581395,10.0,7,10,10,1.2961149200130593,7.0,7.0,0.0,1.7624971979376822,20,0,0,12.55,7,7,7,16.6,15.127753272237168,0,0,7,6.962047890590062,6.66,2.9240840784424496,7,0.8356545961002786,17.4,4.8,10,10,7,7,7,7,0,0,18.09001431209973,12.889989388043862,19.90320095570913,10,20,30.0,30.0,10,30,15,25,0,0,7,40,26.8866
157,0,10.0,7,7.0,7,10,7,10,0,0.8911368015414258,0.9152215799614644,10.0,7,10,0,1.8845500848896435,5.638888888888889,5.25,0.5448125562752084,6.031475780179212,20,15,0,10.2,7,7,7,16.6,15.00835899692037,7,7,0,0.0,9.99,1.5,0,2.2448979591836733,14.0,7.0,10,10,7,7,7,7,0,0,0.0,14.75533004829975,19.535319858303815,10,0,30.0,30.0,10,30,15,25,15,20,7,30,29.561999999999998
158,7,10.0,7,7.0,7,10,7,10,10,1.8194070080862534,5.289757412398922,10.0,0,10,0,2.608695652173913,7.0,7.0,0.3669155005306263,8.0,20,15,15,10.5,7,7,7,16.6,18.59897871627985,7,7,7,7.0,9.99,1.5,0,4.5,15.0,7.199999999999999,10,10,7,7,7,7,0,0,0.0,13.324396782841823,18.14938564345764,5,20,30.0,27.0,10,30,0,25,15,0,7,40,55.796
159,7,10.0,7,7.0,7,10,7,10,10,3.798326927424825,2.4869997739091114,10.0,7,10,0,1.5792759051186018,4.896325459317586,7.0,0.0,1.9071731066866844,20,5,0,12.14,7,7,7,50.0,0.0,7,7,0,7.0,9.99,11.483818539156614,7,0.8362989323843416,15.4,7.199999999999999,10,10,7,7,7,7,7,7,0.0,14.348683929866475,16.885044602549748,10,20,0.0,30.0,10,30,15,25,15,20,7,40,0.0
160,7,10.0,7,7.0,7,10,7,10,10,2.9269861691862338,3.9240913477002253,4.899032142430397,7,10,0,2.044917257683215,5.224637681159421,7.0,0.0,0.09257002556623005,20,25,15,13.2,7,7,7,50.0,17.620232847800782,7,7,0,7.0,9.99,1.4270693414788287,0,0.020682523267838676,11.200000000000001,6.6000000000000005,10,0,7,7,7,7,0,7,3.8603690638682497,14.049497019318178,19.07977293098297,10,20,30.0,30.0,10,30,15,25,0,0,7,40,44.824
161,7,10.0,7,7.0,7,10,7,10,10,0.8356545961002786,0.9401114206128134,6.5126050420168085,7,10,10,4.583333333333332,5.444444444444445,7.0,0.29710284547164106,5.465250262994898,20,30,0,16.6,0,7,7,37.06036835144985,15.008409339225269,7,7,7,6.785862751885754,9.99,2.3787,7,0.3125,3.0,2.8000000000000003,10,10,7,0,0,7,0,7,9.21917588584255,15.117139334155365,20.0,10,20,0.0,30.0,10,30,0,25,15,0,7,40,26.26
162,7,10.0,7,6.300000000000001,7,10,7,10,10,0.8,4.0,10.0,7,10,0,0.5333333333333333,4.666666666666666,5.25,0.04123923287742194,0.0,20,20,0,11.2,7,0,0,16.6,15.023680495468827,7,7,7,4.62595973189268,3.33,1.5,0,0.0,15.2,0.2,0,0,0,0,0,0,0,0,25.0,13.545125120947088,0.0,10,20,0.0,0.0,10,30,15,25,0,0,7,40,40.3
163,0,10.0,0,4.2,7,10,7,10,0,1.8118859719761637,0.740860041874698,10.0,0,10,0,0.3727369542066028,4.0,7.0,0.11063982511198535,0.6456493232761996,20,0,15,10.8,7,0,0,42.60814074652622,33.22158589342084,7,7,7,6.999859667733734,3.33,3.5967501665924972,0,10.008695652173914,0.0,0.0,10,10,7,0,7,7,0,7,0.0,15.003865780114428,0.0,10,20,17.97367861161954,30.0,10,20,0,25,0,0,7,20,52.728
164,0,10.0,7,5.6000000000000005,0,0,7,0,0,0.44956140350877194,0.0,0.0,7,0,0,0.4878048780487805,4.958333333333334,7.0,0.0,2.3177146438270317,20,0,0,,0,0,0,42.161818806475935,0.0,7,7,0,0.0,3.33,1.8573422373397397,0,0.4166666666666667,3.7,4.32,10,10,7,0,0,7,0,7,0.0,11.86763706388763,0.0,5,20,0.0,30.0,10,30,15,25,0,0,7,30,27.612000000000002
165,7,10.0,7,7.0,7,10,7,10,10,1.2963629816348579,5.473532589124954,10.0,7,10,0,5.283687943262412,7.0,7.0,0.0,8.0,20,15,15,14.600000000000001,7,7,7,16.6,0.0,7,7,7,6.391801596081965,6.66,10.902373395320941,7,0.31974921630094044,16.200000000000003,4.6000000000000005,10,10,7,7,7,7,7,7,0.0,13.687315187257184,19.169104564939637,10,20,,30.0,0,30,15,25,0,20,7,40,39.519999999999996
166,7,10.0,7,7.0,7,10,7,10,10,1.0682768230376218,5.847654435671156,6.215042991902495,7,10,0,1.6383540958852396,7.0,7.0,0.0,4.471452438168653,20,30,15,13.46,7,7,7,20.330297134268054,15.249859810610028,7,7,0,5.391217529616436,9.99,8.086048877370601,0,0.612691466083151,16.4,7.800000000000001,10,10,7,7,7,7,7,7,0.8123924268502565,14.52417371773772,18.529411764705884,10,20,30.0,30.0,10,30,15,25,15,0,7,40,0.0
167,0,10.0,0,7.0,7,10,7,10,0,2.3312456506610997,6.541405706332637,5.3853754940711465,7,10,0,3.650190114068441,7.0,5.25,0.0,2.5766351382805395,20,25,0,12.48,7,7,7,16.6,15.000705281350074,7,7,7,7.0,9.99,4.779225041061268,0,4.532374100719425,17.0,7.199999999999999,10,10,7,7,7,7,0,7,25.0,14.286275064701506,18.80452262549791,10,20,30.0,30.0,10,30,15,25,0,0,7,20,26.5174078
168,7,10.0,7,4.9,7,10,7,10,0,1.8500486854917235,6.110029211295035,10.0,7,10,0,0.0,0.0,7.0,0.0,5.0,20,20,0,12.362,7,7,0,16.6,0.0,7,7,0,0.0,0.0,0.0,0,1.116751269035533,7.626,0.0,0,10,7,0,0,0,0,0,,11.028010706331902,0.0,10,0,,30.0,0,20,0,25,0,0,7,40,0.0
169,7,10.0,7,7.0,7,10,7,10,10,6.924702266615444,4.927007299270073,10.0,7,10,0,1.8243243243243243,7.0,7.0,0.09108518703927092,0.9596044642137936,20,20,15,12.4,7,7,7,50.0,15.018447838836295,7,7,0,5.381652662885065,9.99,7.114086784467505,7,1.518324607329843,17.0,9.8,10,10,7,7,7,7,7,7,0.0,15.912500666599513,18.930843422942743,10,20,15.0,30.0,10,30,15,25,0,0,7,40,47.333
170,7,10.0,7,7.0,7,10,7,10,10,0.8601756954612007,1.2445095168374818,4.679834753421121,7,10,0,0.30801911842804036,4.136363636363637,7.0,0.0,5.040480746910051,20,20,0,15.24,7,7,7,16.6,15.191268658719931,7,7,0,0.0,3.33,1.5,7,0.3214285714285714,17.6,12.2,0,10,7,0,0,7,0,0,8.037833967667765,13.946349806463228,18.493723849372387,10,20,30.0,30.0,10,30,15,25,15,0,7,40,26.4238
171,7,10.0,7,7.0,7,10,7,10,10,1.495448634590377,0.5851755526657998,2.052980132450331,7,10,0,1.6911764705882355,7.0,5.25,0.0,7.018368964748433,20,10,0,10.646,7,7,7,50.0,16.087053962280276,7,7,0,7.0,9.99,1.5,0,3.5227272727272725,13.48,1.1,10,10,7,7,7,7,0,7,25.0,12.169884767085149,19.10827339556659,10,20,30.0,30.0,10,30,0,25,0,0,7,40,28.6
172,7,10.0,7,7.0,7,10,7,10,0,1.3048780487804879,2.3902439024390243,7.2418670438472414,7,10,10,2.019230769230769,7.0,7.0,0.0,4.639270325421229,20,5,0,10.2,7,7,0,16.6,15.00100429906955,7,7,7,0.0,9.99,8.25,0,0.7948717948717949,0.0,0.0,10,10,7,0,7,7,0,7,0.0,11.877183305754734,19.41600155732918,10,20,0.0,30.0,10,30,15,25,0,20,7,40,0.0
173,7,10.0,7,7.0,7,10,7,10,10,3.1766753698868584,6.679721496953873,10.0,0,10,10,2.6628294456225388,5.855140186915888,7.0,0.0,3.27345712678546,20,25,15,17.2,7,7,7,16.6,15.006164611796068,7,7,7,2.5548634484997725,9.99,1.8063726520725745,7,2.7629629629629626,8.0,3.2799999999999994,10,10,7,7,7,7,7,7,0.0,12.608556832694763,18.72156250428018,10,20,0.0,30.0,10,30,15,25,15,20,7,40,0.0
174,0,0.0,0,2.8,7,10,7,10,10,3.3724340175953076,0.07331378299120235,10.0,7,10,0,1.836734693877551,7.0,0.0,0.0,4.425020421061419,20,20,0,,0,0,0,39.0577302823158,15.221385808032046,0,0,0,6.985092330502764,9.99,0.3490230186171297,0,10.851063829787234,4.98,3.24,10,10,7,7,7,0,0,7,0.0,10.46248526507555,19.176507736027787,5,0,0.0,30.0,10,30,0,25,0,20,0,30,0.0
175,7,10.0,7,7.0,7,10,7,10,10,0.6227758007117438,1.196124950573349,9.41936658172552,7,10,0,0.8653220559531555,5.858695652173914,7.0,2.3019709044556786,0.0,20,25,0,10.96,0,7,7,16.6,27.491613958394126,7,7,0,5.423962273980404,9.99,1.2930273305609725,0,0.34414945919370693,4.514,1.6239999999999999,10,10,7,7,7,7,0,7,25.0,12.510752485293686,16.37547744731986,10,20,30.0,27.0,10,30,0,25,0,0,7,40,0.0
176,0,0.0,0,0.0,0,0,0,0,0,0.0,0.0,0.0,0,0,0,0.0,0.0,0.0,0.0,0.0,0,0,0,,0,0,0,0.0,0.0,0,0,0,0.0,0.0,0.0,0,0.0,0.0,0.0,0,0,0,0,0,0,0,0,,0.0,0.0,0,0,,0.0,0,0,0,0,0,0,0,0,0.0
177,7,10.0,7,7.0,7,10,7,10,10,9.876543209876543,9.876543209876543,5.0,7,10,10,0.7573415765069552,6.267441860465116,7.0,0.0,0.581465941822059,20,5,15,,7,7,7,16.6,15.071565632141935,7,7,0,0.0,3.33,1.5,0,0.4642857142857143,1.0,0.2,0,0,7,7,7,7,0,7,0.0,13.277446145860369,16.764093025146877,10,20,0.0,30.0,10,30,0,0,0,0,7,40,29.172
178,7,10.0,7,4.9,7,10,7,10,0,1.3708019191226866,1.0395247886680374,6.6334598355471215,7,10,10,0.8343908629441623,6.553191489361703,7.0,0.0,4.412590360928561,20,5,0,14.264,7,7,7,42.02681145261719,15.021368196211737,7,7,7,6.7726920989837645,9.99,4.460044242017424,0,4.282241014799154,13.600000000000001,7.6,10,10,7,7,7,7,0,7,3.9611513381397025,15.917874247143882,19.350489386119342,10,20,30.0,30.0,10,30,15,25,0,20,7,40,0.0
179,0,0.0,0,4.9,7,10,0,0,0,0.44598612487611494,0.0,0.5291005291005291,7,0,0,0.1435406698564593,6.611111111111111,0.0,0.0,0.7924340286066471,0,0,0,22.592,7,0,0,16.6,15.105467385107675,7,7,0,0.0,6.66,0.0,0,13.204255319148935,3.8,0.0,10,10,7,0,7,0,7,7,,0.0,0.0,0,0,,0.0,0,30,0,0,0,0,0,20,0.0
180,0,0.0,7,4.2,7,10,0,0,0,0.030152268958239106,0.045228403437358664,6.999641962047977,7,10,0,1.131578947368421,6.8478260869565215,5.25,0.0,5.7007150262390045,20,15,0,,0,0,0,16.6,0.0,0,0,0,4.14814813,6.66,0.25489323843416367,7,0.12422360248447203,9.8,9.8,10,0,7,0,0,0,0,0,,11.79467680608365,0.0,10,20,,0.0,0,30,0,25,0,20,0,30,0.0
181,7,10.0,7,7.0,7,10,7,10,10,1.3937966234786023,1.6293678837848449,5.371502090704407,7,10,0,1.067117334620956,7.0,7.0,0.0,5.604956907574071,20,5,0,11.392,7,7,7,16.6,15.000022041687197,7,7,0,0.0,9.99,3.736330656372728,0,0.22328548644338117,19.040000000000003,4.6000000000000005,10,10,7,7,7,7,7,7,7.7744445122806285,12.582119118104707,19.195194237722916,10,20,30.0,27.0,10,30,0,25,0,0,7,40,28.652
182,7,10.0,7,3.5,7,10,7,0,0,0.9911894273127754,3.716960352422907,10.0,0,10,0,1.914893617021277,6.396551724137931,0.0,0.0,1.5832566765854912,20,0,0,23.0,7,7,7,16.6,15.351726901137338,0,0,0,5.256629439561278,9.99,15.0,0,1.0,15.86,15.24,0,10,0,0,0,0,0,7,,12.987616099071207,18.046575852724214,5,0,30.0,10.5,10,30,15,25,0,0,7,40,52.0
183,7,10.0,7,5.6000000000000005,7,10,7,10,10,0.43586550435865506,4.60772104607721,2.281226626776365,7,10,0,3.2278481012658227,7.0,5.25,0.0,0.0,20,20,0,12.0,7,7,0,50.0,15.004222978869239,7,7,0,7.0,6.66,8.25,0,0.36363636363636365,10.0,1.4000000000000001,0,0,7,0,7,7,0,7,0.0,13.63120439600036,14.162231248686883,10,20,30.0,24.0,10,30,15,25,0,0,7,40,27.523600000000002
184,7,10.0,7,7.0,7,10,7,10,10,0.5913272010512484,1.9382391590013142,6.616871704745167,7,10,0,0.9688995215311005,5.366666666666667,5.25,0.0,7.763584771376547,20,10,0,13.216,7,7,7,50.0,16.131052463341916,7,7,0,6.992697440355014,3.33,7.912492363648705,0,0.0,10.84,8.299999999999999,10,10,7,7,7,7,7,7,0.0,13.100149476831092,18.990190577887173,10,20,30.0,24.0,10,30,15,25,0,20,7,40,0.0
185,7,10.0,7,7.0,7,10,7,10,10,2.236279401282965,2.833214540270848,10.0,7,10,10,2.1052631578947367,7.0,5.25,0.8848478407450434,0.5703302839919963,20,20,0,13.379999999999999,7,7,7,16.6,16.399029971167295,7,7,7,0.0,3.33,12.255821271239775,0,9.0,6.0,6.0,10,10,7,7,7,7,0,7,0.0,15.098409187026252,0.0,10,20,30.0,30.0,10,30,15,25,0,0,7,40,32.5
186,7,7.5,7,5.6000000000000005,7,10,7,10,0,0.913978494623656,2.5,10.0,7,10,0,1.2109375,6.461538461538462,5.25,0.0,0.0,20,0,0,,7,0,7,16.6,16.118529277572907,0,0,0,0.0,0.0,8.25,0,0.0,16.599999999999998,5.4,0,10,7,0,0,7,0,0,0.0,14.40629890453834,0.0,10,20,30.0,30.0,10,30,15,25,0,0,7,40,28.5974
187,7,7.5,7,7.0,7,10,7,10,0,1.8671059857221308,4.173531026908292,10.0,7,10,10,2.062937062937063,4.958333333333334,7.0,0.0,6.364504733644201,20,15,0,11.6,7,7,7,16.6,22.565054706207313,7,7,7,7.0,9.99,8.25,0,1.3978494623655915,11.92,4.2,10,0,7,7,7,7,0,0,25.0,14.385499557913352,19.53548387096774,10,20,30.0,30.0,10,30,15,25,0,0,7,40,28.288
188,0,10.0,7,4.2,7,10,7,10,0,2.911133810010215,8.171603677221654,7.349896480331262,7,10,10,0.9788359788359788,6.045454545454545,5.25,0.0,0.0,20,20,0,13.22,0,7,7,16.6,0.0,7,7,0,7.0,3.33,8.25,0,0.0,10.600000000000001,5.6000000000000005,10,0,7,0,0,7,0,7,0.0,13.253838142261998,0.0,10,20,0.0,21.0,10,30,0,25,0,0,7,40,0.0
189,7,10.0,7,7.0,7,10,7,10,10,0.3927033189764378,7.486698758550798,10.0,7,10,0,1.1349036402569594,7.0,7.0,0.2833463200396685,8.0,20,30,0,15.2,7,7,7,50.0,15.011532161331845,7,7,0,0.0,9.99,7.708626545306344,0,19.030927835051546,8.8,3.4000000000000004,10,0,7,7,7,7,0,7,25.0,16.220231173780178,16.73517713440015,10,20,30.0,30.0,10,30,15,25,0,20,7,40,35.1
190,7,10.0,7,7.0,7,10,7,10,10,1.1658600967883854,1.869775626924769,10.0,7,10,0,0.20855614973262032,7.0,7.0,0.5343888531314438,0.4741022766068598,20,15,15,13.0,7,0,0,50.0,15.038133433658981,7,7,0,0.0,9.99,8.859735127118398,0,5.894736842105263,18.0,3.0,10,10,7,7,7,7,0,7,0.0,13.190187159312082,12.096774193548388,10,20,30.0,22.5,10,30,15,25,0,0,7,40,0.0
191,7,7.5,7,5.6000000000000005,7,10,7,10,10,2.6818181818181817,2.1363636363636362,5.473856209150327,7,10,0,1.0830324909747293,5.219298245614035,7.0,0.0,1.7777777777777777,20,20,0,14.8,7,7,7,50.0,15.007991235902784,7,7,7,3.8888888888888893,9.99,6.214261083308281,0,3.75,19.9,5.0,10,0,7,0,0,7,7,7,25.0,11.644657863145259,17.61293289056664,10,20,30.0,22.5,10,20,15,25,15,0,7,40,0.0
192,7,10.0,7,6.300000000000001,7,10,7,10,0,0.3963011889035667,1.453104359313078,6.8493150684931505,0,10,0,4.705882352941176,7.0,7.0,0.0,6.6911470781444375,20,5,0,15.902000000000001,7,7,7,16.6,0.0,7,7,0,7.0,9.99,6.593029716655149,0,1.3513513513513513,12.0,3.4000000000000004,10,10,7,7,7,0,0,7,0.0,12.778485852663778,18.209876543209877,5,20,0.0,30.0,10,30,0,25,15,0,7,40,39.936
193,7,10.0,7,7.0,7,10,7,10,10,0.5684754521963824,1.0852713178294573,0.9664429530201342,7,10,0,0.9007832898172324,6.146341463414634,7.0,0.009253649589602717,6.103168890569408,20,25,0,16.0,0,0,0,16.6,15.072332157256076,7,7,0,0.0,9.99,1.5,0,0.4014598540145985,10.0,4.6000000000000005,10,10,7,7,7,7,0,7,0.0,13.496096547772526,17.18620585799262,10,20,18.719974370646582,30.0,10,30,0,25,0,0,7,40,26.962
194,7,10.0,0,4.9,7,10,7,10,0,3.074866310160428,4.679144385026738,10.0,7,10,0,3.225806451612903,5.923076923076923,5.25,0.5342254440837726,0.0,20,15,15,16.8,7,7,7,50.0,15.032880330123797,7,7,7,4.604486058236445,9.99,6.6,0,5.202247191011235,18.0,7.0,10,10,7,0,0,7,7,0,25.0,16.131611316113162,16.8978102189781,10,20,0.0,30.0,10,20,15,25,15,0,7,40,40.846000000000004
195,7,10.0,7,7.0,7,10,7,10,10,0.8305647840531563,6.395348837209303,10.0,7,10,10,1.25,5.5,7.0,0.0,0.0,0,0,0,19.8,0,7,7,43.18585362268412,20.047049948295037,7,7,0,7.0,9.99,8.25,7,0.9090909090909092,17.2,1.7600000000000002,10,10,0,7,7,7,7,7,0.0,11.285280069474599,0.0,10,20,30.0,30.0,10,30,15,25,0,0,7,40,27.4248
196,0,10.0,7,4.2,7,10,7,10,10,0.0,0.0,1.211535602794708,7,10,0,0.976809557273366,7.0,7.0,0.0,4.114713283045816,20,10,0,13.46,7,7,7,16.6,0.0,7,7,0,0.0,0.0,10.23207420973227,0,1.0,0.0,10.0,10,10,7,7,7,7,0,7,0.0,17.531486473320125,0.0,10,20,22.52233009708739,30.0,10,30,15,25,0,0,7,40,40.56
197,0,0.0,0,0.0,7,10,7,10,10,0.0,0.0,3.9864701618748493,7,0,0,1.307752545027408,7.0,7.0,0.0,7.791968368297481,20,0,0,21.294,7,7,7,50.0,15.035183797597107,7,7,7,3.8007354353951195,9.99,2.8869863013698627,0,0.4635761589403974,16.228,16.080000000000002,0,0,7,7,0,7,7,7,,13.751482164030914,0.0,0,20,,0.0,0,0,0,0,0,0,0,10,0.0
198,0,0.0,0,0.0,0,0,0,0,0,0.0,0.0,0.0,0,0,0,0.0,0.0,0.0,0.0,0.0,0,0,0,,0,0,0,0.0,0.0,0,0,0,0.0,0.0,0.0,0,0.0,0.0,0.0,0,0,0,0,0,0,0,0,,0.0,0.0,0,0,,0.0,0,0,0,0,0,0,0,0,0.0
199,7,7.5,7,7.0,7,10,7,10,10,3.2916666666666665,4.416666666666667,2.261306532663317,7,10,0,1.3753581661891117,5.788461538461538,7.0,0.0,0.1382555621185273,20,0,0,12.0,7,7,7,50.0,15.41792023682457,7,7,0,7.0,3.33,7.06746739685579,7,0.25862068965517243,18.799999999999997,3.8,10,10,7,7,7,7,7,7,6.811596262063394,11.781525912425117,0.0,10,20,30.0,30.0,10,30,15,25,15,0,7,40,27.3156
200,7,7.5,7,7.0,7,10,7,0,10,3.666146645865834,3.8221528861154446,10.0,7,10,0,4.838709677419355,7.0,7.0,0.0,0.0,20,0,0,12.4,7,7,7,50.0,15.332120472638486,7,7,0,6.301467674281822,9.99,8.25,0,0.0,18.6,4.0,0,0,7,7,0,7,7,0,18.70096697682903,11.705731135641917,0.0,10,20,15.556561547084334,30.0,10,30,15,25,0,0,7,40,28.86
201,7,10.0,7,5.6000000000000005,7,10,7,0,10,1.3224535734383793,4.220596510973551,0.0,7,10,0,1.9522471910112358,7.0,7.0,0.3502644775925058,3.052255737980696,20,25,0,19.0,7,7,0,16.6,15.008354652276717,7,7,7,3.9733079770001467,9.99,8.143506782717436,0,0.6777777777777778,9.200000000000001,4.6000000000000005,0,0,7,0,0,0,0,0,25.0,14.616402869982808,18.47904035026138,10,20,0.0,30.0,10,30,15,25,0,20,7,40,39.153400000000005
202,7,0.0,7,7.0,7,10,7,10,10,0.1665556295802798,0.5329780146568954,8.057395143487858,7,10,0,1.1363636363636362,6.045454545454545,1.75,2.5638938731330274,2.5638938731330274,20,15,0,11.6,7,7,7,0.0,17.61855569155447,0,0,7,0.0,9.99,14.941973705567278,0,10.0,0.0,0.0,10,10,7,7,7,0,0,0,0.0,11.902912621359222,17.04681647940075,10,20,,0.0,0,20,0,25,0,0,7,40,38.376000000000005
203,0,0.0,0,0.0,7,10,7,10,10,0.0,0.0,2.989934872705743,7,0,0,4.224137931034482,6.1,7.0,0.0,3.6125223586847017,20,25,0,14.4,7,7,7,0.0,16.120098242477688,0,0,0,3.9838420107719923,6.66,14.740705415859424,0,0.9852216748768472,17.8,9.0,0,10,7,7,7,7,0,7,,11.716891356066615,0.0,0,20,,0.0,0,30,15,25,0,0,0,10,34.58
204,7,10.0,7,7.0,7,10,7,10,0,3.653846153846154,9.711538461538462,1.5712682379349046,7,10,0,1.3580246913580245,5.565573770491803,5.25,0.0,10.0,20,10,0,12.2,7,7,7,16.6,16.12642677598394,7,7,0,7.0,6.66,8.046970581172362,0,3.8095238095238093,7.709999999999999,3.678,10,10,7,0,0,7,0,7,0.0,12.14074661285673,0.0,10,20,30.0,27.0,10,30,0,25,0,0,7,40,29.9832
205,0,0.0,0,0.0,0,0,0,0,0,0.0,0.0,0.0,0,0,0,0.0,0.0,0.0,0.0,0.0,0,0,0,,0,0,0,0.0,0.0,0,0,0,0.0,0.0,0.0,0,0.0,0.0,0.0,0,0,0,0,0,0,0,0,,0.0,0.0,0,0,,0.0,0,0,0,0,0,0,0,0,0.0
206,7,7.5,7,5.6000000000000005,7,10,7,10,0,1.7625231910946195,2.1335807050092765,1.8060836501901139,7,10,0,0.7196969696969697,5.923076923076923,5.25,0.0,7.216887672325499,20,15,0,13.254,7,7,7,50.0,15.058418675943527,7,7,0,0.0,0.0,1.5,0,0.625,19.8,4.6000000000000005,10,0,7,7,0,7,7,7,0.0,12.832605064222953,19.45668135095448,10,20,30.0,30.0,10,30,0,25,15,0,7,40,29.64
207,7,10.0,7,7.0,7,10,7,10,10,2.1587743732590527,6.128133704735376,10.0,7,10,0,2.379032258064516,7.0,5.25,0.0,6.688034188034187,20,0,0,15.8,7,7,7,16.6,0.0,7,7,0,0.0,9.99,6.592759332097027,7,0.8620689655172414,16.599999999999998,3.0,10,10,7,0,0,7,0,7,0.0,12.817733990147783,18.56238456511238,10,20,0.0,30.0,10,30,15,25,0,0,7,40,28.925
